echeance_utc,funding_pct,prix_marque_usdt
2026-04-24T08:00:00+00:00,-0.007865,77620.50
2026-04-24T16:00:00+00:00,-0.003152,78007.30
2026-04-25T00:00:00+00:00,-0.001077,77395.90
2026-04-25T08:00:00+00:00,-0.006235,77459.90
2026-04-25T16:00:00+00:00,-0.005699,77295.97
2026-04-26T00:00:00+00:00,0.000241,77585.00
2026-04-26T08:00:00+00:00,0.000153,78064.45
2026-04-26T16:00:00+00:00,0.000195,78008.58
2026-04-27T00:00:00+00:00,0.000249,78617.40
2026-04-27T08:00:00+00:00,-0.008659,77556.92
2026-04-27T16:00:00+00:00,-0.005678,76762.28
2026-04-28T00:00:00+00:00,-0.003951,77333.18
2026-04-28T08:00:00+00:00,-0.003204,76828.30
2026-04-28T16:00:00+00:00,0.005242,76026.63
2026-04-29T00:00:00+00:00,0.001305,76298.10
2026-04-29T08:00:00+00:00,-0.002840,77007.66
2026-04-29T16:00:00+00:00,0.003571,75880.57
2026-04-30T00:00:00+00:00,-0.004220,75749.80
2026-04-30T08:00:00+00:00,-0.001837,76130.00
2026-04-30T16:00:00+00:00,-0.002904,76429.20
2026-05-01T00:00:00+00:00,-0.003746,76305.50
2026-05-01T08:00:00+00:00,-0.001810,77101.10
2026-05-01T16:00:00+00:00,-0.003143,78424.73
2026-05-02T00:00:00+00:00,-0.000822,78192.00
2026-05-02T08:00:00+00:00,-0.005103,78181.60
2026-05-02T16:00:00+00:00,-0.002540,78452.74
2026-05-03T00:00:00+00:00,0.002290,78654.45
2026-05-03T08:00:00+00:00,-0.001398,78316.50
2026-05-03T16:00:00+00:00,0.000703,78627.04
2026-05-04T00:00:00+00:00,0.004304,78528.90
2026-05-04T08:00:00+00:00,-0.000158,79663.30
2026-05-04T16:00:00+00:00,-0.003160,79981.20
2026-05-05T00:00:00+00:00,-0.000383,79826.10
2026-05-05T08:00:00+00:00,-0.004626,80823.37
2026-05-05T16:00:00+00:00,-0.008240,81488.70
2026-05-06T00:00:00+00:00,-0.009153,80861.90
2026-05-06T08:00:00+00:00,-0.006150,81333.30
2026-05-06T16:00:00+00:00,-0.003756,81656.94
2026-05-07T00:00:00+00:00,-0.005856,81396.64
2026-05-07T08:00:00+00:00,-0.004568,81484.05
2026-05-07T16:00:00+00:00,-0.003014,79860.00
2026-05-08T00:00:00+00:00,-0.007406,79969.40
2026-05-08T08:00:00+00:00,0.002415,79644.47
2026-05-08T16:00:00+00:00,-0.001542,80114.80
2026-05-09T00:00:00+00:00,0.001841,80155.20
2026-05-09T08:00:00+00:00,-0.003792,80182.44
2026-05-09T16:00:00+00:00,0.003645,80488.40
2026-05-10T00:00:00+00:00,0.000090,80633.91
2026-05-10T08:00:00+00:00,0.004626,80697.26
2026-05-10T16:00:00+00:00,0.005764,81383.17
2026-05-11T00:00:00+00:00,0.005798,82177.70
2026-05-11T08:00:00+00:00,0.002592,80708.80
2026-05-11T16:00:00+00:00,0.004555,81405.16
2026-05-12T00:00:00+00:00,-0.000115,81699.60
2026-05-12T08:00:00+00:00,0.003877,80813.67
2026-05-12T16:00:00+00:00,0.005822,80308.46
2026-05-13T00:00:00+00:00,0.005367,80461.09
2026-05-13T08:00:00+00:00,0.005437,80984.68
2026-05-13T16:00:00+00:00,0.001749,78794.60
2026-05-14T00:00:00+00:00,0.003928,79288.30
2026-05-14T08:00:00+00:00,0.002928,79699.90
2026-05-14T16:00:00+00:00,0.004094,81252.74
2026-05-15T00:00:00+00:00,-0.004239,81048.89
2026-05-15T08:00:00+00:00,-0.001893,80783.28
2026-05-15T16:00:00+00:00,0.001548,79118.00
2026-05-16T00:00:00+00:00,0.003938,79074.00
2026-05-16T08:00:00+00:00,-0.000210,78335.57
2026-05-16T16:00:00+00:00,0.004955,78194.10
2026-05-17T00:00:00+00:00,0.004037,78109.18
2026-05-17T08:00:00+00:00,0.001176,78138.66
2026-05-17T16:00:00+00:00,0.000048,78007.00
2026-05-18T00:00:00+00:00,-0.001131,77433.50
2026-05-18T08:00:00+00:00,0.005778,77039.50
2026-05-18T16:00:00+00:00,0.007178,76393.50
2026-05-19T00:00:00+00:00,0.005164,76963.20
2026-05-19T08:00:00+00:00,0.004809,77200.30
2026-05-19T16:00:00+00:00,0.005563,76487.90
2026-05-20T00:00:00+00:00,0.003254,76799.90
2026-05-20T08:00:00+00:00,0.007983,77250.48
2026-05-20T16:00:00+00:00,0.006858,77423.07
2026-05-21T00:00:00+00:00,0.001925,77510.38
2026-05-21T08:00:00+00:00,0.004003,77849.81
2026-05-21T16:00:00+00:00,0.006130,77231.31
2026-05-22T00:00:00+00:00,0.003564,77586.20
2026-05-22T08:00:00+00:00,-0.000820,77366.90
2026-05-22T16:00:00+00:00,0.002891,76757.66
2026-05-23T00:00:00+00:00,0.001783,75507.40
2026-05-23T08:00:00+00:00,0.001025,74573.20
2026-05-23T16:00:00+00:00,0.007441,75490.25
2026-05-24T00:00:00+00:00,0.009044,76716.21
2026-05-24T08:00:00+00:00,0.006290,76771.40
2026-05-24T16:00:00+00:00,0.006265,76343.80
2026-05-25T00:00:00+00:00,0.006549,77023.70
2026-05-25T08:00:00+00:00,0.003527,77376.90
2026-05-25T16:00:00+00:00,0.001426,77587.30
2026-05-26T00:00:00+00:00,0.008058,77281.71
2026-05-26T08:00:00+00:00,0.003852,76689.53
2026-05-26T16:00:00+00:00,0.005776,76484.29
2026-05-27T00:00:00+00:00,0.010000,75901.40
2026-05-27T08:00:00+00:00,0.008948,75940.84
2026-05-27T16:00:00+00:00,0.009914,75300.00
2026-05-28T00:00:00+00:00,0.010000,74418.00
2026-05-28T08:00:00+00:00,0.005011,73467.37
2026-05-28T16:00:00+00:00,0.010000,72906.82
2026-05-29T00:00:00+00:00,0.010000,73591.40
2026-05-29T08:00:00+00:00,0.005391,73488.10
2026-05-29T16:00:00+00:00,0.006702,73779.04
2026-05-30T00:00:00+00:00,0.003464,73428.20
2026-05-30T08:00:00+00:00,0.004732,73516.24
2026-05-30T16:00:00+00:00,0.006214,73892.80
2026-05-31T00:00:00+00:00,0.004432,73856.90
2026-05-31T08:00:00+00:00,0.005663,73833.30
2026-05-31T16:00:00+00:00,0.005988,73613.40
2026-06-01T00:00:00+00:00,0.005703,73653.57
2026-06-01T08:00:00+00:00,0.004438,72779.01
2026-06-01T16:00:00+00:00,0.010000,71103.49
2026-06-02T00:00:00+00:00,0.010000,71391.50
2026-06-02T08:00:00+00:00,0.005990,70082.60
2026-06-02T16:00:00+00:00,0.008345,67276.05
2026-06-03T00:00:00+00:00,0.007165,66731.44
2026-06-03T08:00:00+00:00,0.005229,67191.50
2026-06-03T16:00:00+00:00,0.010000,66044.30
2026-06-04T00:00:00+00:00,0.002705,64117.60
2026-06-04T08:00:00+00:00,0.001519,63569.71
2026-06-04T16:00:00+00:00,-0.001077,63866.28
2026-06-05T00:00:00+00:00,0.001315,63855.89
2026-06-05T08:00:00+00:00,-0.001431,63081.00
2026-06-05T16:00:00+00:00,-0.000863,60416.49
2026-06-06T00:00:00+00:00,-0.001234,61029.57
2026-06-06T08:00:00+00:00,0.002675,60975.10
2026-06-06T16:00:00+00:00,-0.000511,60754.10
2026-06-07T00:00:00+00:00,-0.002828,60851.77
2026-06-07T08:00:00+00:00,0.000407,62368.06
2026-06-07T16:00:00+00:00,0.002742,62071.60
2026-06-08T00:00:00+00:00,0.003533,63302.74
2026-06-08T08:00:00+00:00,0.003454,63259.90
2026-06-08T16:00:00+00:00,0.000122,63745.30
2026-06-09T00:00:00+00:00,-0.001565,63058.00
2026-06-09T08:00:00+00:00,0.003041,63170.80
2026-06-09T16:00:00+00:00,0.000606,61113.79
2026-06-10T00:00:00+00:00,0.000365,61695.29
2026-06-10T08:00:00+00:00,-0.003385,61655.56
2026-06-10T16:00:00+00:00,0.002542,62604.70
2026-06-11T00:00:00+00:00,-0.000811,61485.42
2026-06-11T08:00:00+00:00,0.002525,62694.45
2026-06-11T16:00:00+00:00,0.002736,62721.20
2026-06-12T00:00:00+00:00,-0.001303,63598.00
2026-06-12T08:00:00+00:00,0.002446,63066.40
2026-06-12T16:00:00+00:00,0.000840,63557.10
2026-06-13T00:00:00+00:00,0.005357,63546.90
2026-06-13T08:00:00+00:00,0.000060,63823.90
2026-06-13T16:00:00+00:00,0.000938,64265.10
2026-06-14T00:00:00+00:00,-0.004510,64418.20
2026-06-14T08:00:00+00:00,-0.004657,64392.71
2026-06-14T16:00:00+00:00,-0.003265,63995.20
2026-06-15T00:00:00+00:00,0.002808,65709.80
2026-06-15T08:00:00+00:00,0.000621,65642.40
2026-06-15T16:00:00+00:00,-0.006079,67247.21
2026-06-16T00:00:00+00:00,-0.000428,66286.21
2026-06-16T08:00:00+00:00,-0.001110,66341.80
2026-06-16T16:00:00+00:00,0.000246,65841.90
2026-06-17T00:00:00+00:00,0.001957,65645.03
2026-06-17T08:00:00+00:00,-0.006685,65507.06
2026-06-17T16:00:00+00:00,-0.002582,65714.69
2026-06-18T00:00:00+00:00,0.002636,64476.94
2026-06-18T08:00:00+00:00,0.001896,64472.46
2026-06-18T16:00:00+00:00,0.000872,62339.40
2026-06-19T00:00:00+00:00,0.006039,62924.10
2026-06-19T08:00:00+00:00,0.001984,62593.69
2026-06-19T16:00:00+00:00,0.002823,63193.00
2026-06-20T00:00:00+00:00,0.005814,63512.60
2026-06-20T08:00:00+00:00,0.002633,63624.90
2026-06-20T16:00:00+00:00,0.003985,64129.20
2026-06-21T00:00:00+00:00,0.000778,64275.97
2026-06-21T08:00:00+00:00,0.003034,64171.32
2026-06-21T16:00:00+00:00,0.004189,64200.30
2026-06-22T00:00:00+00:00,0.006572,63287.10
2026-06-22T08:00:00+00:00,0.001514,64188.00
2026-06-22T16:00:00+00:00,0.004813,64808.00
2026-06-23T00:00:00+00:00,0.004041,63990.41
2026-06-23T08:00:00+00:00,0.001655,62849.20
2026-06-23T16:00:00+00:00,-0.001889,62457.30
2026-06-24T00:00:00+00:00,0.002154,62696.80
2026-06-24T08:00:00+00:00,0.002134,62630.10
2026-06-24T16:00:00+00:00,0.000027,60256.30
2026-06-25T00:00:00+00:00,-0.001423,61051.20
2026-06-25T08:00:00+00:00,-0.001803,61886.70
2026-06-25T16:00:00+00:00,0.001580,59532.80
2026-06-26T00:00:00+00:00,0.005298,59769.90
2026-06-26T08:00:00+00:00,0.005904,60501.94
2026-06-26T16:00:00+00:00,0.007308,60300.50
2026-06-27T00:00:00+00:00,0.005255,60072.00
2026-06-27T08:00:00+00:00,0.004284,60521.80
2026-06-27T16:00:00+00:00,0.003742,60817.30
2026-06-28T00:00:00+00:00,0.004258,60000.40
2026-06-28T08:00:00+00:00,0.001355,60192.50
2026-06-28T16:00:00+00:00,0.004430,59854.55
2026-06-29T00:00:00+00:00,0.003112,59550.30
2026-06-29T08:00:00+00:00,0.007444,60001.23
2026-06-29T16:00:00+00:00,0.008658,59800.20
2026-06-30T00:00:00+00:00,0.006175,60229.36
2026-06-30T08:00:00+00:00,0.008349,59498.43
2026-06-30T16:00:00+00:00,0.003327,58356.64
2026-07-01T00:00:00+00:00,0.005532,58605.50
2026-07-01T08:00:00+00:00,0.001853,58744.40
2026-07-01T16:00:00+00:00,0.007073,60120.69
2026-07-02T00:00:00+00:00,0.008001,59999.60
2026-07-02T08:00:00+00:00,0.005238,60126.10
2026-07-02T16:00:00+00:00,0.005261,61583.70
2026-07-03T00:00:00+00:00,0.010000,61540.74
2026-07-03T08:00:00+00:00,0.010000,61733.60
2026-07-03T16:00:00+00:00,0.003740,61895.70
2026-07-04T00:00:00+00:00,0.010000,62570.25
2026-07-04T08:00:00+00:00,0.010000,62549.30
2026-07-04T16:00:00+00:00,0.009480,62914.35
2026-07-05T00:00:00+00:00,0.009533,63114.80
2026-07-05T08:00:00+00:00,0.008873,62997.88
2026-07-05T16:00:00+00:00,0.008608,62712.00
2026-07-06T00:00:00+00:00,0.007700,63625.51
2026-07-06T08:00:00+00:00,0.006120,63064.50
2026-07-06T16:00:00+00:00,0.010000,63523.10
2026-07-07T00:00:00+00:00,0.010000,64023.50
2026-07-07T08:00:00+00:00,0.005792,63062.70
2026-07-07T16:00:00+00:00,0.006825,63909.90
2026-07-08T00:00:00+00:00,0.004846,63331.20
2026-07-08T08:00:00+00:00,0.000724,62857.19
2026-07-08T16:00:00+00:00,0.007171,61683.73
2026-07-09T00:00:00+00:00,0.006160,62257.50
2026-07-09T08:00:00+00:00,0.006615,62973.70
2026-07-09T16:00:00+00:00,0.004912,62837.77
2026-07-10T00:00:00+00:00,0.009058,63197.36
2026-07-10T08:00:00+00:00,0.007247,63956.10
2026-07-10T16:00:00+00:00,0.009508,64023.10
2026-07-11T00:00:00+00:00,0.010000,64129.40
2026-07-11T08:00:00+00:00,0.000942,64132.60
2026-07-11T16:00:00+00:00,0.004156,64142.51
2026-07-12T00:00:00+00:00,0.004651,63787.76
2026-07-12T08:00:00+00:00,0.006315,63856.50
2026-07-12T16:00:00+00:00,0.007578,64150.28
2026-07-13T00:00:00+00:00,0.001521,63750.00
2026-07-13T08:00:00+00:00,0.004856,62952.80
2026-07-13T16:00:00+00:00,0.010000,62603.80
2026-07-14T00:00:00+00:00,0.008256,62307.00
2026-07-14T08:00:00+00:00,0.003489,62529.70
2026-07-14T16:00:00+00:00,0.005590,64727.50
2026-07-15T00:00:00+00:00,0.010000,65017.65
2026-07-15T08:00:00+00:00,0.010000,64530.40
2026-07-15T16:00:00+00:00,0.004457,65392.88
2026-07-16T00:00:00+00:00,0.002426,64722.22
2026-07-16T08:00:00+00:00,0.007584,64204.50
2026-07-16T16:00:00+00:00,0.006102,64677.70
2026-07-17T00:00:00+00:00,0.007639,63803.91
2026-07-17T08:00:00+00:00,0.001520,62792.80
2026-07-17T16:00:00+00:00,0.006045,63432.50
2026-07-18T00:00:00+00:00,0.003074,63910.00
2026-07-18T08:00:00+00:00,0.006955,63987.04
2026-07-18T16:00:00+00:00,0.003326,64090.00
2026-07-19T00:00:00+00:00,0.000406,64806.70
2026-07-19T08:00:00+00:00,0.006905,64692.20
2026-07-19T16:00:00+00:00,0.005235,64552.28
2026-07-20T00:00:00+00:00,0.004890,64694.80
2026-07-20T08:00:00+00:00,0.005278,64250.00
2026-07-20T16:00:00+00:00,0.006518,65573.72
2026-07-21T00:00:00+00:00,0.005400,65227.17
2026-07-21T08:00:00+00:00,0.008926,66168.78
2026-07-21T16:00:00+00:00,0.001894,66648.50
2026-07-22T00:00:00+00:00,0.003928,66522.40
2026-07-22T08:00:00+00:00,0.005448,65813.40
2026-07-22T16:00:00+00:00,0.001443,66016.33
2026-07-23T00:00:00+00:00,-0.000343,66084.48
2026-07-23T08:00:00+00:00,0.000271,65405.49
2026-07-23T16:00:00+00:00,0.008458,64940.40
2026-07-24T00:00:00+00:00,0.007598,65069.66
2026-07-24T08:00:00+00:00,0.005149,65470.00
2026-07-24T16:00:00+00:00,0.005879,64068.70
2026-07-25T00:00:00+00:00,0.006074,64116.50
2026-07-25T08:00:00+00:00,0.005425,63973.15
2026-07-25T16:00:00+00:00,0.000729,64150.05
2026-07-26T00:00:00+00:00,0.003878,64343.23
2026-07-26T08:00:00+00:00,0.005884,64342.46
2026-07-26T16:00:00+00:00,0.005819,64733.60
2026-07-27T00:00:00+00:00,0.006147,65375.10
2026-07-27T08:00:00+00:00,0.006452,65196.21
2026-07-27T16:00:00+00:00,0.005040,64519.25
2026-07-28T00:00:00+00:00,0.004208,63721.93
2026-07-28T08:00:00+00:00,0.000125,63476.80
2026-07-28T16:00:00+00:00,0.006689,63903.53
2026-07-29T00:00:00+00:00,0.010000,63903.60
2026-07-29T08:00:00+00:00,0.010000,64534.36
2026-07-29T16:00:00+00:00,0.003665,63950.19
2026-07-30T00:00:00+00:00,0.008462,63959.00
2026-07-30T08:00:00+00:00,0.007278,63984.18
2026-07-30T16:00:00+00:00,0.009029,64698.14
2026-07-31T00:00:00+00:00,0.010000,64750.51
2026-07-31T08:00:00+00:00,0.009405,63912.48
2026-07-31T16:00:00+00:00,0.005664,62696.72
2026-08-01T00:00:00+00:00,0.004123,62859.90
2026-08-01T08:00:00+00:00,0.003163,63019.60
2026-08-01T16:00:00+00:00,0.003545,62976.40
2026-08-02T00:00:00+00:00,0.004530,62792.30
2026-08-02T08:00:00+00:00,0.008943,63468.10
2026-08-02T16:00:00+00:00,0.007707,63081.60
2026-08-03T00:00:00+00:00,0.010000,63549.90
2026-08-03T08:00:00+00:00,0.006364,62591.00
2026-08-03T16:00:00+00:00,0.002474,63664.90
2026-08-04T00:00:00+00:00,0.003081,63497.20
2026-08-04T08:00:00+00:00,0.006248,63666.40
2026-08-04T16:00:00+00:00,0.007684,64093.54
2026-08-05T00:00:00+00:00,0.001674,64075.50
2026-08-05T08:00:00+00:00,0.001015,64141.00
2026-08-05T16:00:00+00:00,0.002676,64353.50
2026-08-06T00:00:00+00:00,0.006595,64633.90
2026-08-06T08:00:00+00:00,0.002632,64789.40
2026-08-06T16:00:00+00:00,0.005939,64604.20
2026-08-07T00:00:00+00:00,0.000799,64300.00
2026-08-07T08:00:00+00:00,0.004574,64290.58
2026-08-07T16:00:00+00:00,0.006308,64885.50
2026-08-08T00:00:00+00:00,0.005557,64885.45
2026-08-08T08:00:00+00:00,0.005417,64936.30
2026-08-08T16:00:00+00:00,0.005801,65049.73
2026-08-09T00:00:00+00:00,0.004423,64928.89
2026-08-09T08:00:00+00:00,0.006667,64793.70
2026-08-09T16:00:00+00:00,0.007054,65207.70
2026-08-10T00:00:00+00:00,0.007497,64869.50
2026-08-10T08:00:00+00:00,0.007908,65183.48
2026-08-10T16:00:00+00:00,0.005057,64272.43
2026-08-11T00:00:00+00:00,0.002301,63939.20
2026-08-11T08:00:00+00:00,0.001962,64033.29
2026-08-11T16:00:00+00:00,0.008282,63585.56
2026-08-12T00:00:00+00:00,0.010000,63572.00
2026-08-12T08:00:00+00:00,0.008568,63810.90
2026-08-12T16:00:00+00:00,0.006601,63422.44
2026-08-13T00:00:00+00:00,0.006576,63454.70
2026-08-13T08:00:00+00:00,0.007218,63833.46
2026-08-13T16:00:00+00:00,0.007841,63387.04
2026-08-14T00:00:00+00:00,0.008545,63455.99
2026-08-14T08:00:00+00:00,0.005999,62888.10
2026-08-14T16:00:00+00:00,0.000629,62962.00
2026-08-15T00:00:00+00:00,0.006801,63015.08
2026-08-15T08:00:00+00:00,0.006523,63050.02
2026-08-15T16:00:00+00:00,0.005311,63068.07
2026-08-16T00:00:00+00:00,0.000966,63053.97
2026-08-16T08:00:00+00:00,0.001839,63034.84
2026-08-16T16:00:00+00:00,0.005000,63114.27
2026-08-17T00:00:00+00:00,0.003818,62876.00
2026-08-17T08:00:00+00:00,0.007131,63495.98
2026-08-17T16:00:00+00:00,0.009202,64169.80
2026-08-18T00:00:00+00:00,0.005164,64504.10
2026-08-18T08:00:00+00:00,0.005020,64171.00
2026-08-18T16:00:00+00:00,0.003650,64823.80
2026-08-19T00:00:00+00:00,0.001617,64694.00
2026-08-19T08:00:00+00:00,0.003815,64267.18
2026-08-19T16:00:00+00:00,0.010000,68544.29
2026-08-20T00:00:00+00:00,0.009655,69320.78
2026-08-20T08:00:00+00:00,0.010000,69820.24
2026-08-20T16:00:00+00:00,0.009422,72432.48
2026-08-21T00:00:00+00:00,0.004964,72998.70
2026-08-21T08:00:00+00:00,0.005814,76319.03
2026-08-21T16:00:00+00:00,0.010000,77221.90
2026-08-22T00:00:00+00:00,0.010000,78309.00
2026-08-22T08:00:00+00:00,0.010000,77286.70
2026-08-22T16:00:00+00:00,0.010000,76995.17
2026-08-23T00:00:00+00:00,0.010000,77084.01
2026-08-23T08:00:00+00:00,0.010000,76015.83
2026-08-23T16:00:00+00:00,0.010000,77128.60
2026-08-24T00:00:00+00:00,0.010000,77710.80
2026-08-24T08:00:00+00:00,0.010000,77292.21
2026-08-24T16:00:00+00:00,0.010000,79065.60
2026-08-25T00:00:00+00:00,0.005818,78953.00
2026-08-25T08:00:00+00:00,0.010000,79668.15
2026-08-25T16:00:00+00:00,0.010000,79464.08
2026-08-26T00:00:00+00:00,0.007734,78505.40
2026-08-26T08:00:00+00:00,0.005927,78888.36
2026-08-26T16:00:00+00:00,0.007091,77980.60
2026-08-27T00:00:00+00:00,0.004595,78994.91
2026-08-27T08:00:00+00:00,0.010000,79059.04
2026-08-27T16:00:00+00:00,0.006331,80273.60
2026-08-28T00:00:00+00:00,0.006578,80209.56
2026-08-28T08:00:00+00:00,0.010000,79645.60
2026-08-28T16:00:00+00:00,0.005913,78308.90
2026-08-29T00:00:00+00:00,0.010000,77806.12
2026-08-29T08:00:00+00:00,0.010000,77597.93
2026-08-29T16:00:00+00:00,0.010000,77826.43
2026-08-30T00:00:00+00:00,0.008283,78201.65
2026-08-30T08:00:00+00:00,0.010000,78081.33
2026-08-30T16:00:00+00:00,0.007058,78791.20
2026-08-31T00:00:00+00:00,0.007271,77646.75
2026-08-31T08:00:00+00:00,0.010000,78168.28
2026-08-31T16:00:00+00:00,0.010000,78544.30
2026-09-01T00:00:00+00:00,0.008482,78549.60
2026-09-01T08:00:00+00:00,0.010000,78600.20
2026-09-01T16:00:00+00:00,0.003844,77881.57
2026-09-02T00:00:00+00:00,0.007995,77403.13
2026-09-02T08:00:00+00:00,0.007998,77444.80
2026-09-02T16:00:00+00:00,0.003819,77250.98
2026-09-03T00:00:00+00:00,0.007287,77301.46
2026-09-03T08:00:00+00:00,0.005866,77622.38
2026-09-03T16:00:00+00:00,0.008893,81316.70
2026-09-04T00:00:00+00:00,0.008558,81234.46
2026-09-04T08:00:00+00:00,0.006498,80628.00
2026-09-04T16:00:00+00:00,0.004455,79385.73
2026-09-05T00:00:00+00:00,0.001014,79616.15
2026-09-05T08:00:00+00:00,-0.000150,79673.05
2026-09-05T16:00:00+00:00,0.001923,79762.59
2026-09-06T00:00:00+00:00,0.003589,79797.70
2026-09-06T08:00:00+00:00,0.002295,79772.53
2026-09-06T16:00:00+00:00,0.002813,79677.80
2026-09-07T00:00:00+00:00,0.002792,80303.34
2026-09-07T08:00:00+00:00,0.003113,79355.30
2026-09-07T16:00:00+00:00,0.002185,78776.74
2026-09-08T00:00:00+00:00,0.004542,79075.90
2026-09-08T08:00:00+00:00,0.008180,78445.10
2026-09-08T16:00:00+00:00,0.009029,78870.10
2026-09-09T00:00:00+00:00,0.004876,78426.34
2026-09-09T08:00:00+00:00,0.009012,79246.64
2026-09-09T16:00:00+00:00,0.004815,78569.90
2026-09-10T00:00:00+00:00,0.003562,78268.94
2026-09-10T08:00:00+00:00,0.007869,78071.12
2026-09-10T16:00:00+00:00,0.007199,77218.50
2026-09-11T00:00:00+00:00,0.003006,76535.70
2026-09-11T08:00:00+00:00,0.006122,77188.20
2026-09-11T16:00:00+00:00,0.003593,77694.82
2026-09-12T00:00:00+00:00,0.006093,77192.02
2026-09-12T08:00:00+00:00,0.004334,77236.90
2026-09-12T16:00:00+00:00,0.005169,77343.70
2026-09-13T00:00:00+00:00,0.004788,77251.00
2026-09-13T08:00:00+00:00,0.005390,77089.71
2026-09-13T16:00:00+00:00,0.006450,77098.14
2026-09-14T00:00:00+00:00,0.007157,76808.60
2026-09-14T08:00:00+00:00,0.008037,77854.00
2026-09-14T16:00:00+00:00,0.004220,78543.10
2026-09-15T00:00:00+00:00,0.003563,78178.30
2026-09-15T08:00:00+00:00,0.006188,76907.97
2026-09-15T16:00:00+00:00,0.009812,76473.70
2026-09-16T00:00:00+00:00,0.003951,75600.00
2026-09-16T08:00:00+00:00,0.002788,75726.00
2026-09-16T16:00:00+00:00,0.005258,75753.60
2026-09-17T00:00:00+00:00,0.009351,76174.50
2026-09-17T08:00:00+00:00,0.003310,76433.10
2026-09-17T16:00:00+00:00,0.008505,76755.70
2026-09-18T00:00:00+00:00,0.007769,76385.90
2026-09-18T08:00:00+00:00,0.007903,77776.00
2026-09-18T16:00:00+00:00,0.006853,80688.80
2026-09-19T00:00:00+00:00,0.006643,80863.00
2026-09-19T08:00:00+00:00,0.010000,81070.67
2026-09-19T16:00:00+00:00,0.010000,81609.10
2026-09-20T00:00:00+00:00,0.010000,81225.60
2026-09-20T08:00:00+00:00,0.010000,80286.42
2026-09-20T16:00:00+00:00,0.007524,80873.40
2026-09-21T00:00:00+00:00,0.004200,81143.94
2026-09-21T08:00:00+00:00,0.010000,81699.90
2026-09-21T16:00:00+00:00,0.005485,85878.16
2026-09-22T00:00:00+00:00,0.007663,86584.62
2026-09-22T08:00:00+00:00,0.010000,85324.70
2026-09-22T16:00:00+00:00,0.002784,86367.50
2026-09-23T00:00:00+00:00,0.001021,86161.48
2026-09-23T08:00:00+00:00,0.000334,86100.00
2026-09-23T16:00:00+00:00,0.001286,83965.70
2026-09-24T00:00:00+00:00,0.000132,84355.10
2026-09-24T08:00:00+00:00,0.004796,84472.24
2026-09-24T16:00:00+00:00,0.001422,84374.30
2026-09-25T00:00:00+00:00,0.000214,84370.00
2026-09-25T08:00:00+00:00,0.003512,83994.60
2026-09-25T16:00:00+00:00,-0.000574,83767.10
2026-09-26T00:00:00+00:00,0.000769,84056.00
2026-09-26T08:00:00+00:00,0.004930,84075.83
2026-09-26T16:00:00+00:00,-0.000545,84112.50
2026-09-27T00:00:00+00:00,0.004703,84413.26
2026-09-27T08:00:00+00:00,0.001449,84758.98
2026-09-27T16:00:00+00:00,0.001051,84427.00
2026-09-28T00:00:00+00:00,0.001987,84432.90
2026-09-28T08:00:00+00:00,-0.002585,82924.82
2026-09-28T16:00:00+00:00,0.006501,83353.33
2026-09-29T00:00:00+00:00,0.003836,83461.00
2026-09-29T08:00:00+00:00,0.006798,83949.59
2026-09-29T16:00:00+00:00,0.001399,83039.30
2026-09-30T00:00:00+00:00,0.007697,83624.50
2026-09-30T08:00:00+00:00,-0.000244,83259.63
2026-09-30T16:00:00+00:00,0.006606,84104.80
2026-10-01T00:00:00+00:00,0.007981,83582.73
2026-10-01T08:00:00+00:00,0.004568,83381.60
2026-10-01T16:00:00+00:00,0.006980,84126.41
2026-10-02T00:00:00+00:00,0.002693,84829.60
2026-10-02T08:00:00+00:00,0.010000,86064.20
2026-10-02T16:00:00+00:00,0.001214,85297.50
2026-10-03T00:00:00+00:00,0.004574,84482.80
2026-10-03T08:00:00+00:00,0.000361,84520.75
2026-10-03T16:00:00+00:00,0.004528,84835.75
2026-10-04T00:00:00+00:00,-0.001346,84710.62
2026-10-04T08:00:00+00:00,0.003451,85070.00
2026-10-04T16:00:00+00:00,0.003785,85212.90
2026-10-05T00:00:00+00:00,0.007492,86487.39
2026-10-05T08:00:00+00:00,0.004186,86221.60
2026-10-05T16:00:00+00:00,-0.001541,85225.41
2026-10-06T00:00:00+00:00,-0.002485,85718.55
2026-10-06T08:00:00+00:00,-0.001592,85514.00
2026-10-06T16:00:00+00:00,0.002245,85675.20
2026-10-07T00:00:00+00:00,-0.000743,85516.50
2026-10-07T08:00:00+00:00,-0.003657,84102.71
2026-10-07T16:00:00+00:00,0.001152,83412.01
2026-10-08T00:00:00+00:00,-0.000992,83282.00
