heure_utc,ls_comptes,comptes_longs_pct,ls_gros_traders,gros_longs_pct,taker_ratio_volume
2026-09-17T01:00:00+00:00,,,,,1.0394
2026-09-17T02:00:00+00:00,,,,,0.9780
2026-09-17T03:00:00+00:00,,,,,0.8471
2026-09-17T04:00:00+00:00,,,,,1.1272
2026-09-17T05:00:00+00:00,,,,,0.7227
2026-09-17T06:00:00+00:00,,,,,1.0633
2026-09-17T07:00:00+00:00,,,,,0.8339
2026-09-17T08:00:00+00:00,,,,,0.9599
2026-09-17T09:00:00+00:00,1.4832,0.5973,2.2601,0.6933,1.2998
2026-09-17T10:00:00+00:00,1.4704,0.5952,2.2834,0.6954,0.7614
2026-09-17T11:00:00+00:00,1.4716,0.5954,2.2776,0.6949,0.9044
2026-09-17T12:00:00+00:00,1.4679,0.5948,2.2858,0.6957,1.0507
2026-09-17T13:00:00+00:00,1.4231,0.5873,2.2749,0.6947,1.0130
2026-09-17T14:00:00+00:00,1.4814,0.5970,2.2927,0.6963,0.9172
2026-09-17T15:00:00+00:00,1.4295,0.5884,2.3180,0.6986,1.1659
2026-09-17T16:00:00+00:00,1.4558,0.5928,2.3332,0.7000,0.9906
2026-09-17T17:00:00+00:00,1.4432,0.5907,2.3256,0.6993,0.8926
2026-09-17T18:00:00+00:00,1.4313,0.5887,2.3233,0.6991,0.9443
2026-09-17T19:00:00+00:00,1.4284,0.5882,2.3190,0.6987,1.2069
2026-09-17T20:00:00+00:00,1.4349,0.5893,2.3285,0.6996,1.0139
2026-09-17T21:00:00+00:00,1.4372,0.5897,2.3377,0.7004,0.6467
2026-09-17T22:00:00+00:00,1.4337,0.5891,2.3446,0.7010,1.0584
2026-09-17T23:00:00+00:00,1.4396,0.5901,2.3623,0.7026,1.0098
2026-09-18T00:00:00+00:00,1.4450,0.5910,2.3595,0.7023,1.1970
2026-09-18T01:00:00+00:00,1.4450,0.5910,2.3629,0.7026,0.9242
2026-09-18T02:00:00+00:00,1.4444,0.5909,2.3685,0.7031,1.2482
2026-09-18T03:00:00+00:00,1.4067,0.5845,2.3265,0.6994,1.1782
2026-09-18T04:00:00+00:00,1.4444,0.5909,2.3832,0.7044,0.8014
2026-09-18T05:00:00+00:00,1.4313,0.5887,2.3918,0.7052,0.9990
2026-09-18T06:00:00+00:00,1.4096,0.5850,2.3836,0.7045,0.6596
2026-09-18T07:00:00+00:00,1.3579,0.5759,2.3753,0.7037,1.2417
2026-09-18T08:00:00+00:00,1.3436,0.5733,2.3762,0.7038,1.3059
2026-09-18T09:00:00+00:00,1.3557,0.5755,2.3647,0.7028,0.8703
2026-09-18T10:00:00+00:00,1.3154,0.5681,2.3153,0.6984,0.8617
2026-09-18T11:00:00+00:00,1.3047,0.5661,2.2909,0.6961,0.8417
2026-09-18T12:00:00+00:00,1.2584,0.5572,2.2662,0.6938,0.9159
2026-09-18T13:00:00+00:00,1.2432,0.5542,2.2452,0.6919,1.2763
2026-09-18T14:00:00+00:00,1.1182,0.5279,2.1324,0.6808,1.0196
2026-09-18T15:00:00+00:00,1.0309,0.5076,1.9542,0.6615,1.0628
2026-09-18T16:00:00+00:00,0.9685,0.4920,1.9943,0.6660,0.9482
2026-09-18T17:00:00+00:00,0.9505,0.4873,1.9468,0.6606,1.0243
2026-09-18T18:00:00+00:00,0.9414,0.4849,1.9742,0.6638,0.9487
2026-09-18T19:00:00+00:00,0.9294,0.4817,1.9587,0.6620,1.3126
2026-09-18T20:00:00+00:00,0.9391,0.4843,1.9605,0.6622,1.0201
2026-09-18T21:00:00+00:00,0.9212,0.4795,1.9776,0.6642,0.9736
2026-09-18T22:00:00+00:00,0.9172,0.4784,1.9863,0.6651,1.0110
2026-09-18T23:00:00+00:00,0.9131,0.4773,1.9742,0.6638,0.7119
2026-09-19T00:00:00+00:00,0.9015,0.4741,1.9755,0.6639,1.6397
2026-09-19T01:00:00+00:00,0.9249,0.4805,1.9472,0.6607,0.8163
2026-09-19T02:00:00+00:00,0.9406,0.4847,2.0171,0.6686,0.7649
2026-09-19T03:00:00+00:00,0.9402,0.4846,2.0103,0.6678,0.7711
2026-09-19T04:00:00+00:00,0.9387,0.4842,1.9991,0.6666,0.8273
2026-09-19T05:00:00+00:00,0.9354,0.4833,2.0065,0.6674,1.4876
2026-09-19T06:00:00+00:00,0.9376,0.4839,2.0097,0.6677,0.9936
2026-09-19T07:00:00+00:00,0.9346,0.4831,2.0169,0.6685,1.2127
2026-09-19T08:00:00+00:00,0.9376,0.4839,2.0280,0.6698,1.2956
2026-09-19T09:00:00+00:00,0.9421,0.4851,2.0280,0.6697,0.9753
2026-09-19T10:00:00+00:00,0.9440,0.4856,2.0385,0.6709,0.6762
2026-09-19T11:00:00+00:00,0.9459,0.4861,2.0210,0.6690,1.1132
2026-09-19T12:00:00+00:00,0.9470,0.4864,2.0266,0.6696,0.9978
2026-09-19T13:00:00+00:00,0.9486,0.4868,2.0334,0.6703,0.9884
2026-09-19T14:00:00+00:00,0.9417,0.4850,2.0334,0.6703,1.1296
2026-09-19T15:00:00+00:00,0.9395,0.4844,2.0266,0.6696,1.1696
2026-09-19T16:00:00+00:00,0.9535,0.4881,2.0360,0.6706,0.8268
2026-09-19T17:00:00+00:00,0.9501,0.4872,2.0208,0.6690,0.7128
2026-09-19T18:00:00+00:00,0.9433,0.4854,2.0198,0.6688,1.0240
2026-09-19T19:00:00+00:00,0.9410,0.4848,2.0325,0.6702,0.8936
2026-09-19T20:00:00+00:00,0.9455,0.4860,2.0401,0.6711,0.6998
2026-09-19T21:00:00+00:00,0.9361,0.4835,2.0500,0.6721,0.8959
2026-09-19T22:00:00+00:00,0.9301,0.4819,2.0877,0.6761,0.9255
2026-09-19T23:00:00+00:00,0.9380,0.4840,2.0933,0.6767,1.1016
2026-09-20T00:00:00+00:00,0.9421,0.4851,2.0698,0.6742,1.0308
2026-09-20T01:00:00+00:00,0.9414,0.4849,2.0843,0.6758,0.5785
2026-09-20T02:00:00+00:00,0.9342,0.4830,2.0625,0.6735,0.7107
2026-09-20T03:00:00+00:00,0.8918,0.4714,2.1240,0.6799,1.1574
2026-09-20T04:00:00+00:00,0.9128,0.4772,2.1458,0.6821,0.9290
2026-09-20T05:00:00+00:00,0.9172,0.4784,2.1419,0.6817,0.9216
2026-09-20T06:00:00+00:00,0.9253,0.4806,2.1503,0.6826,0.8047
2026-09-20T07:00:00+00:00,0.9249,0.4805,2.1389,0.6814,0.9988
2026-09-20T08:00:00+00:00,0.9260,0.4808,2.1600,0.6835,1.0567
2026-09-20T09:00:00+00:00,0.9305,0.4820,2.1527,0.6828,1.4307
2026-09-20T10:00:00+00:00,0.9444,0.4857,2.1552,0.6831,0.8751
2026-09-20T11:00:00+00:00,0.9493,0.4870,2.1657,0.6841,0.8191
2026-09-20T12:00:00+00:00,0.9581,0.4893,2.1734,0.6849,1.4241
2026-09-20T13:00:00+00:00,0.9596,0.4897,2.1928,0.6868,1.4247
2026-09-20T14:00:00+00:00,0.9650,0.4911,2.1815,0.6857,1.2849
2026-09-20T15:00:00+00:00,0.9798,0.4949,2.1876,0.6863,1.2937
2026-09-20T16:00:00+00:00,0.9932,0.4983,2.1885,0.6864,1.2992
2026-09-20T17:00:00+00:00,1.0056,0.5014,2.1361,0.6811,0.8970
2026-09-20T18:00:00+00:00,0.9818,0.4954,2.1137,0.6788,0.6016
2026-09-20T19:00:00+00:00,0.9743,0.4935,2.1196,0.6795,0.8174
2026-09-20T20:00:00+00:00,0.9720,0.4929,2.1098,0.6784,0.8583
2026-09-20T21:00:00+00:00,0.9697,0.4923,2.1068,0.6781,0.5846
2026-09-20T22:00:00+00:00,0.9639,0.4908,2.1022,0.6776,1.3601
2026-09-20T23:00:00+00:00,0.9670,0.4916,2.0939,0.6768,1.0767
2026-09-21T00:00:00+00:00,0.9608,0.4900,2.0956,0.6770,1.3674
2026-09-21T01:00:00+00:00,0.9639,0.4908,2.0988,0.6773,0.8984
2026-09-21T02:00:00+00:00,0.9320,0.4824,2.0750,0.6748,0.9662
2026-09-21T03:00:00+00:00,0.9335,0.4828,2.0857,0.6759,1.1283
2026-09-21T04:00:00+00:00,0.9339,0.4829,2.0829,0.6756,0.7874
2026-09-21T05:00:00+00:00,0.9316,0.4823,2.0935,0.6767,1.1442
2026-09-21T06:00:00+00:00,0.9260,0.4808,2.1041,0.6779,0.7043
2026-09-21T07:00:00+00:00,0.8734,0.4662,2.0744,0.6747,1.0882
2026-09-21T08:00:00+00:00,0.8657,0.4640,2.0847,0.6758,1.4458
2026-09-21T09:00:00+00:00,0.8907,0.4711,2.1268,0.6802,1.2268
2026-09-21T10:00:00+00:00,0.9150,0.4778,2.2218,0.6896,0.9646
2026-09-21T11:00:00+00:00,0.9120,0.4770,2.2386,0.6912,1.1404
2026-09-21T12:00:00+00:00,0.9164,0.4782,2.2340,0.6908,1.0806
2026-09-21T13:00:00+00:00,0.9051,0.4751,2.1763,0.6852,1.0144
2026-09-21T14:00:00+00:00,0.9040,0.4748,2.2119,0.6887,0.9599
2026-09-21T15:00:00+00:00,0.9015,0.4741,2.1941,0.6869,1.0283
2026-09-21T16:00:00+00:00,0.8829,0.4689,2.1096,0.6784,0.8349
2026-09-21T17:00:00+00:00,0.8653,0.4639,2.1252,0.6800,0.8826
2026-09-21T18:00:00+00:00,0.8508,0.4597,2.1212,0.6796,0.7715
2026-09-21T19:00:00+00:00,0.8498,0.4594,2.0676,0.6740,1.4364
2026-09-21T20:00:00+00:00,0.8793,0.4679,2.1287,0.6804,1.3211
2026-09-21T21:00:00+00:00,0.9106,0.4766,2.1984,0.6873,0.9317
2026-09-21T22:00:00+00:00,0.9037,0.4747,2.2082,0.6883,0.7523
2026-09-21T23:00:00+00:00,0.8900,0.4709,2.1887,0.6864,1.0898
2026-09-22T00:00:00+00:00,0.8925,0.4716,2.1776,0.6853,0.5258
2026-09-22T01:00:00+00:00,0.8681,0.4647,2.0807,0.6754,0.8374
2026-09-22T02:00:00+00:00,0.8460,0.4583,2.1549,0.6830,1.1324
2026-09-22T03:00:00+00:00,0.8629,0.4632,2.1485,0.6824,0.8749
2026-09-22T04:00:00+00:00,0.8678,0.4646,2.1734,0.6849,0.6681
2026-09-22T05:00:00+00:00,0.8692,0.4650,2.2380,0.6912,0.7841
2026-09-22T06:00:00+00:00,0.8893,0.4707,2.2603,0.6933,1.2150
2026-09-22T07:00:00+00:00,0.8979,0.4731,2.2634,0.6936,0.7304
2026-09-22T08:00:00+00:00,0.9080,0.4759,2.2836,0.6955,1.4706
2026-09-22T09:00:00+00:00,0.9470,0.4864,2.2468,0.6920,0.8616
2026-09-22T10:00:00+00:00,0.9482,0.4867,2.2420,0.6915,0.6881
2026-09-22T11:00:00+00:00,0.9474,0.4865,2.2248,0.6899,0.8799
2026-09-22T12:00:00+00:00,0.9505,0.4873,2.2343,0.6908,1.1721
2026-09-22T13:00:00+00:00,0.9433,0.4854,2.2391,0.6913,1.0430
2026-09-22T14:00:00+00:00,0.9440,0.4856,2.2391,0.6913,0.8571
2026-09-22T15:00:00+00:00,0.9339,0.4829,2.2170,0.6891,0.9838
2026-09-22T16:00:00+00:00,0.9186,0.4788,2.1880,0.6863,0.8121
2026-09-22T17:00:00+00:00,0.9150,0.4778,2.1673,0.6843,0.7289
2026-09-22T18:00:00+00:00,0.9142,0.4776,2.1351,0.6810,0.5600
2026-09-22T19:00:00+00:00,0.9142,0.4776,2.0778,0.6751,0.6524
2026-09-22T20:00:00+00:00,0.9095,0.4763,2.0624,0.6735,1.0829
2026-09-22T21:00:00+00:00,0.9048,0.4750,2.0706,0.6743,0.7889
2026-09-22T22:00:00+00:00,0.9015,0.4741,2.0788,0.6752,0.9600
2026-09-22T23:00:00+00:00,0.8947,0.4722,2.0920,0.6766,1.0976
2026-09-23T00:00:00+00:00,0.9037,0.4747,2.1040,0.6778,1.2885
2026-09-23T01:00:00+00:00,0.9004,0.4738,2.0918,0.6766,0.9654
2026-09-23T02:00:00+00:00,0.8990,0.4734,2.0436,0.6714,1.0106
2026-09-23T03:00:00+00:00,0.8965,0.4727,2.0259,0.6695,1.1589
2026-09-23T04:00:00+00:00,0.8932,0.4718,2.0286,0.6698,1.2642
2026-09-23T05:00:00+00:00,0.8939,0.4720,1.9844,0.6649,0.6114
2026-09-23T06:00:00+00:00,0.8907,0.4711,1.9473,0.6607,0.8424
2026-09-23T07:00:00+00:00,0.8990,0.4734,1.9511,0.6611,0.7846
2026-09-23T08:00:00+00:00,0.8921,0.4715,1.9582,0.6620,0.8142
2026-09-23T09:00:00+00:00,0.8857,0.4697,1.9659,0.6628,1.0363
2026-09-23T10:00:00+00:00,0.8847,0.4694,1.9545,0.6615,1.1761
2026-09-23T11:00:00+00:00,0.8961,0.4726,1.9291,0.6586,0.8565
2026-09-23T12:00:00+00:00,0.9183,0.4787,1.9316,0.6589,0.6895
2026-09-23T13:00:00+00:00,0.9365,0.4836,1.9038,0.6556,1.0994
2026-09-23T14:00:00+00:00,0.9751,0.4937,1.9080,0.6561,0.9245
2026-09-23T15:00:00+00:00,1.0700,0.5169,1.8365,0.6475,0.9550
2026-09-23T16:00:00+00:00,1.0614,0.5149,1.8312,0.6468,0.9002
2026-09-23T17:00:00+00:00,1.0912,0.5218,1.9064,0.6559,1.0425
2026-09-23T18:00:00+00:00,1.1317,0.5309,1.9335,0.6591,1.0587
2026-09-23T19:00:00+00:00,1.1418,0.5331,1.9220,0.6578,1.0185
2026-09-23T20:00:00+00:00,1.1538,0.5357,1.9126,0.6567,0.8198
2026-09-23T21:00:00+00:00,1.1464,0.5341,1.9122,0.6566,1.4219
2026-09-23T22:00:00+00:00,1.1515,0.5352,1.9053,0.6558,1.3245
2026-09-23T23:00:00+00:00,1.1622,0.5375,1.9017,0.6554,0.5595
2026-09-24T00:00:00+00:00,1.1608,0.5372,1.8887,0.6538,0.7795
2026-09-24T01:00:00+00:00,1.1468,0.5342,1.9111,0.6565,0.8746
2026-09-24T02:00:00+00:00,1.1395,0.5326,1.8414,0.6481,0.9937
2026-09-24T03:00:00+00:00,1.1631,0.5377,1.8756,0.6522,0.7823
2026-09-24T04:00:00+00:00,1.1668,0.5385,1.8639,0.6508,1.1631
2026-09-24T05:00:00+00:00,1.1867,0.5427,1.8983,0.6550,1.3855
2026-09-24T06:00:00+00:00,1.1858,0.5425,1.9238,0.6580,1.4376
2026-09-24T07:00:00+00:00,1.1896,0.5433,1.9339,0.6592,1.4912
2026-09-24T08:00:00+00:00,1.1844,0.5422,1.9335,0.6591,0.6697
2026-09-24T09:00:00+00:00,1.2202,0.5496,1.9297,0.6587,0.8899
2026-09-24T10:00:00+00:00,1.2326,0.5521,1.9571,0.6618,1.3345
2026-09-24T11:00:00+00:00,1.2645,0.5584,1.9611,0.6623,0.6391
2026-09-24T12:00:00+00:00,1.2558,0.5567,1.9610,0.6623,1.1119
2026-09-24T13:00:00+00:00,1.2594,0.5574,1.9677,0.6630,1.1598
2026-09-24T14:00:00+00:00,1.2748,0.5604,1.9506,0.6611,0.9875
2026-09-24T15:00:00+00:00,1.2609,0.5577,1.9824,0.6647,1.1487
2026-09-24T16:00:00+00:00,1.2701,0.5595,1.9817,0.6646,0.9684
2026-09-24T17:00:00+00:00,1.2311,0.5518,1.9903,0.6656,0.8074
2026-09-24T18:00:00+00:00,1.2232,0.5502,2.0096,0.6677,1.2457
2026-09-24T19:00:00+00:00,1.2311,0.5518,2.0038,0.6671,0.7669
2026-09-24T20:00:00+00:00,1.2282,0.5512,1.9290,0.6586,1.0186
2026-09-24T21:00:00+00:00,1.2282,0.5512,1.9237,0.6580,1.1325
2026-09-24T22:00:00+00:00,1.2272,0.5510,1.9283,0.6585,0.7489
2026-09-24T23:00:00+00:00,1.2193,0.5494,1.9401,0.6599,0.7762
2026-09-25T00:00:00+00:00,1.2193,0.5494,1.9337,0.6591,1.1932
2026-09-25T01:00:00+00:00,1.2217,0.5499,1.9248,0.6581,0.9953
2026-09-25T02:00:00+00:00,1.2178,0.5491,1.9020,0.6554,0.8678
2026-09-25T03:00:00+00:00,1.2153,0.5486,1.9206,0.6576,1.1096
2026-09-25T04:00:00+00:00,1.2292,0.5514,1.9346,0.6592,0.9104
2026-09-25T05:00:00+00:00,1.2346,0.5525,1.9375,0.6596,1.2144
2026-09-25T06:00:00+00:00,1.2341,0.5524,1.9366,0.6595,0.8021
2026-09-25T07:00:00+00:00,1.2311,0.5518,1.8966,0.6548,0.7251
2026-09-25T08:00:00+00:00,1.2341,0.5524,1.8922,0.6542,1.0028
2026-09-25T09:00:00+00:00,1.2462,0.5548,1.8877,0.6537,1.0461
2026-09-25T10:00:00+00:00,1.2134,0.5482,1.8606,0.6504,0.9975
2026-09-25T11:00:00+00:00,1.2095,0.5474,1.8710,0.6517,0.9135
2026-09-25T12:00:00+00:00,1.1973,0.5449,1.8870,0.6536,0.8739
2026-09-25T13:00:00+00:00,1.2302,0.5516,1.8862,0.6535,0.9764
2026-09-25T14:00:00+00:00,1.2826,0.5619,1.9239,0.6580,0.9516
2026-09-25T15:00:00+00:00,1.3202,0.5690,1.9248,0.6581,0.8901
2026-09-25T16:00:00+00:00,1.3305,0.5709,1.9169,0.6572,1.0862
2026-09-25T17:00:00+00:00,1.3010,0.5654,1.9427,0.6602,0.7946
2026-09-25T18:00:00+00:00,1.3052,0.5662,1.9557,0.6617,1.2680
2026-09-25T19:00:00+00:00,1.3041,0.5660,1.9559,0.6617,1.2300
2026-09-25T20:00:00+00:00,1.3031,0.5658,1.9507,0.6611,1.0310
2026-09-25T21:00:00+00:00,1.3084,0.5668,1.9522,0.6613,0.5915
2026-09-25T22:00:00+00:00,1.3132,0.5677,1.9606,0.6622,1.0807
2026-09-25T23:00:00+00:00,1.3132,0.5677,1.9624,0.6624,0.7730
2026-09-26T00:00:00+00:00,1.3004,0.5653,1.9546,0.6615,0.8446
2026-09-26T01:00:00+00:00,1.3026,0.5657,1.9628,0.6625,1.0216
2026-09-26T02:00:00+00:00,1.3052,0.5662,1.9558,0.6617,0.8914
2026-09-26T03:00:00+00:00,1.3015,0.5655,1.9578,0.6619,0.8631
2026-09-26T04:00:00+00:00,1.3036,0.5659,1.9615,0.6623,1.0227
2026-09-26T05:00:00+00:00,1.3036,0.5659,1.9547,0.6616,1.0314
2026-09-26T06:00:00+00:00,1.2967,0.5646,1.9544,0.6615,0.9128
2026-09-26T07:00:00+00:00,1.2967,0.5646,1.9516,0.6612,1.7299
2026-09-26T08:00:00+00:00,1.2978,0.5648,1.9450,0.6604,1.2257
2026-09-26T09:00:00+00:00,1.2920,0.5637,1.9363,0.6594,0.7915
2026-09-26T10:00:00+00:00,1.2962,0.5645,1.9243,0.6580,1.4048
2026-09-26T11:00:00+00:00,1.3036,0.5659,1.9241,0.6580,0.9181
2026-09-26T12:00:00+00:00,1.3036,0.5659,1.9208,0.6576,0.6367
2026-09-26T13:00:00+00:00,1.2967,0.5646,1.9243,0.6580,0.7670
2026-09-26T14:00:00+00:00,1.3047,0.5661,1.9213,0.6577,1.0501
2026-09-26T15:00:00+00:00,1.3111,0.5673,1.9213,0.6577,0.7647
2026-09-26T16:00:00+00:00,1.3079,0.5667,1.9135,0.6568,0.6460
2026-09-26T17:00:00+00:00,1.2994,0.5651,1.9106,0.6564,0.9017
2026-09-26T18:00:00+00:00,1.2941,0.5641,1.9102,0.6564,1.1165
2026-09-26T19:00:00+00:00,1.2915,0.5636,1.9085,0.6562,1.2704
2026-09-26T20:00:00+00:00,1.2878,0.5629,1.9038,0.6556,1.2279
2026-09-26T21:00:00+00:00,1.2894,0.5632,1.8998,0.6551,1.2087
2026-09-26T22:00:00+00:00,1.2852,0.5624,1.9001,0.6552,1.2354
2026-09-26T23:00:00+00:00,1.2889,0.5631,1.9031,0.6555,1.6396
2026-09-27T00:00:00+00:00,1.2883,0.5630,1.9356,0.6594,0.6603
2026-09-27T01:00:00+00:00,1.2831,0.5620,1.9379,0.6596,1.7991
2026-09-27T02:00:00+00:00,1.2779,0.5610,1.9337,0.6591,1.1199
2026-09-27T03:00:00+00:00,1.2732,0.5601,1.9262,0.6583,0.6957
2026-09-27T04:00:00+00:00,1.2732,0.5601,1.9186,0.6574,0.7845
2026-09-27T05:00:00+00:00,1.2660,0.5587,1.9112,0.6565,1.3624
2026-09-27T06:00:00+00:00,1.2758,0.5606,1.9157,0.6570,0.9016
2026-09-27T07:00:00+00:00,1.2748,0.5604,1.9092,0.6563,1.8741
2026-09-27T08:00:00+00:00,1.2779,0.5610,1.9245,0.6581,0.9831
2026-09-27T09:00:00+00:00,1.2635,0.5582,1.9105,0.6564,1.2241
2026-09-27T10:00:00+00:00,1.2630,0.5581,1.9025,0.6555,0.9754
2026-09-27T11:00:00+00:00,1.2336,0.5523,1.8911,0.6541,0.9952
2026-09-27T12:00:00+00:00,1.2326,0.5521,1.8801,0.6528,0.7808
2026-09-27T13:00:00+00:00,1.2247,0.5505,1.8689,0.6514,1.0706
2026-09-27T14:00:00+00:00,1.2070,0.5469,1.8614,0.6505,0.7052
2026-09-27T15:00:00+00:00,1.2168,0.5489,1.8775,0.6525,0.7933
2026-09-27T16:00:00+00:00,1.2326,0.5521,1.8957,0.6547,0.9619
2026-09-27T17:00:00+00:00,1.2391,0.5534,1.8919,0.6542,1.0853
2026-09-27T18:00:00+00:00,1.2502,0.5556,1.8937,0.6544,1.2969
2026-09-27T19:00:00+00:00,1.2558,0.5567,1.9010,0.6553,0.5756
2026-09-27T20:00:00+00:00,1.1901,0.5434,1.8710,0.6517,0.5610
2026-09-27T21:00:00+00:00,1.1863,0.5426,1.8705,0.6516,0.9836
2026-09-27T22:00:00+00:00,1.1697,0.5391,1.8748,0.6521,0.9869
2026-09-27T23:00:00+00:00,1.1631,0.5377,1.8999,0.6552,1.0121
2026-09-28T00:00:00+00:00,1.1678,0.5387,1.8878,0.6537,0.9539
2026-09-28T01:00:00+00:00,1.1640,0.5379,1.8789,0.6526,0.8340
2026-09-28T02:00:00+00:00,1.1697,0.5391,1.8457,0.6486,0.8937
2026-09-28T03:00:00+00:00,1.1920,0.5438,1.8612,0.6505,0.7627
2026-09-28T04:00:00+00:00,1.2158,0.5487,1.8908,0.6541,1.2138
2026-09-28T05:00:00+00:00,1.2437,0.5543,1.8853,0.6534,0.7869
2026-09-28T06:00:00+00:00,1.2676,0.5590,1.8752,0.6522,1.2586
2026-09-28T07:00:00+00:00,1.2805,0.5615,1.8600,0.6504,1.1703
2026-09-28T08:00:00+00:00,1.2883,0.5630,1.8516,0.6493,0.8442
2026-09-28T09:00:00+00:00,1.3031,0.5658,1.8419,0.6481,1.0286
2026-09-28T10:00:00+00:00,1.3026,0.5657,1.8604,0.6504,1.4843
2026-09-28T11:00:00+00:00,1.3326,0.5713,1.8573,0.6500,1.1623
2026-09-28T12:00:00+00:00,1.3602,0.5763,1.8444,0.6484,1.0016
2026-09-28T13:00:00+00:00,1.3849,0.5807,1.8268,0.6462,0.9837
2026-09-28T14:00:00+00:00,1.3452,0.5736,1.8370,0.6475,0.7215
2026-09-28T15:00:00+00:00,1.3419,0.5730,1.8483,0.6489,0.7769
2026-09-28T16:00:00+00:00,1.3574,0.5758,1.8357,0.6474,1.1825
2026-09-28T17:00:00+00:00,1.3430,0.5732,1.9121,0.6566,1.2642
2026-09-28T18:00:00+00:00,1.3552,0.5754,1.8950,0.6546,0.8817
2026-09-28T19:00:00+00:00,1.3485,0.5742,1.8874,0.6537,0.7578
2026-09-28T20:00:00+00:00,1.3607,0.5764,1.8919,0.6542,0.9204
2026-09-28T21:00:00+00:00,1.3646,0.5771,1.8896,0.6539,0.9837
2026-09-28T22:00:00+00:00,1.3618,0.5766,1.8787,0.6526,1.2673
2026-09-28T23:00:00+00:00,1.3725,0.5785,1.8878,0.6537,0.6566
2026-09-29T00:00:00+00:00,1.3607,0.5764,1.8828,0.6531,1.0043
2026-09-29T01:00:00+00:00,1.3691,0.5779,1.8961,0.6547,1.0514
2026-09-29T02:00:00+00:00,1.3866,0.5810,1.8839,0.6533,0.9003
2026-09-29T03:00:00+00:00,1.3929,0.5821,1.8890,0.6539,0.8813
2026-09-29T04:00:00+00:00,1.3952,0.5825,1.8919,0.6542,1.1033
2026-09-29T05:00:00+00:00,1.4015,0.5836,1.8979,0.6549,1.2998
2026-09-29T06:00:00+00:00,1.4166,0.5862,1.8986,0.6550,1.2865
2026-09-29T07:00:00+00:00,1.3321,0.5712,1.8861,0.6535,0.8560
2026-09-29T08:00:00+00:00,1.2952,0.5643,1.8642,0.6509,0.7916
2026-09-29T09:00:00+00:00,1.2584,0.5572,1.8726,0.6519,1.3765
2026-09-29T10:00:00+00:00,1.2381,0.5532,1.8729,0.6519,0.7183
2026-09-29T11:00:00+00:00,1.2202,0.5496,1.8712,0.6517,1.2682
2026-09-29T12:00:00+00:00,1.2401,0.5536,1.8735,0.6520,1.0090
2026-09-29T13:00:00+00:00,1.2297,0.5515,1.8621,0.6506,0.8102
2026-09-29T14:00:00+00:00,1.2207,0.5497,1.8462,0.6487,0.9820
2026-09-29T15:00:00+00:00,1.2406,0.5537,1.8701,0.6516,0.9965
2026-09-29T16:00:00+00:00,1.3838,0.5805,1.8930,0.6543,0.8975
2026-09-29T17:00:00+00:00,1.4172,0.5863,1.8974,0.6549,1.2532
2026-09-29T18:00:00+00:00,1.4319,0.5888,1.8973,0.6548,1.3452
2026-09-29T19:00:00+00:00,1.4096,0.5850,1.9172,0.6572,0.6705
2026-09-29T20:00:00+00:00,1.3901,0.5816,1.9297,0.6587,1.1872
2026-09-29T21:00:00+00:00,1.3929,0.5821,1.9308,0.6588,0.6422
2026-09-29T22:00:00+00:00,1.3935,0.5822,1.9263,0.6583,1.4329
2026-09-29T23:00:00+00:00,1.3872,0.5811,1.9171,0.6572,1.5024
2026-09-30T00:00:00+00:00,1.3832,0.5804,1.9278,0.6584,0.8621
2026-09-30T01:00:00+00:00,1.3714,0.5783,1.9246,0.6581,1.1821
2026-09-30T02:00:00+00:00,1.3725,0.5785,1.9305,0.6588,0.8513
2026-09-30T03:00:00+00:00,1.3810,0.5800,1.9367,0.6595,0.7835
2026-09-30T04:00:00+00:00,1.3849,0.5807,1.9432,0.6602,0.7631
2026-09-30T05:00:00+00:00,1.3935,0.5822,1.9426,0.6602,1.3171
2026-09-30T06:00:00+00:00,1.3935,0.5822,1.9413,0.6600,0.7981
2026-09-30T07:00:00+00:00,1.4166,0.5862,1.9144,0.6569,0.7931
2026-09-30T08:00:00+00:00,1.4160,0.5861,1.9227,0.6579,0.6661
2026-09-30T09:00:00+00:00,1.4378,0.5898,1.9181,0.6573,1.3041
2026-09-30T10:00:00+00:00,1.4160,0.5861,1.8993,0.6551,1.3521
2026-09-30T11:00:00+00:00,1.3804,0.5799,1.8918,0.6542,0.7010
2026-09-30T12:00:00+00:00,1.3430,0.5732,1.9008,0.6553,1.3277
2026-09-30T13:00:00+00:00,1.1777,0.5408,1.9183,0.6573,0.9078
2026-09-30T14:00:00+00:00,1.1801,0.5413,2.0434,0.6714,0.9985
2026-09-30T15:00:00+00:00,1.3057,0.5663,2.0919,0.6766,0.9438
2026-09-30T16:00:00+00:00,1.2868,0.5627,2.1726,0.6848,0.8594
2026-09-30T17:00:00+00:00,1.2738,0.5602,2.1332,0.6808,0.7457
2026-09-30T18:00:00+00:00,1.2609,0.5577,2.1660,0.6841,1.0161
2026-09-30T19:00:00+00:00,1.2640,0.5583,2.1915,0.6867,1.0346
2026-09-30T20:00:00+00:00,1.3041,0.5660,2.0809,0.6754,1.2349
2026-09-30T21:00:00+00:00,1.3175,0.5685,2.0857,0.6759,1.3272
2026-09-30T22:00:00+00:00,1.3267,0.5702,2.0896,0.6763,0.8274
2026-09-30T23:00:00+00:00,1.3321,0.5712,2.0902,0.6764,1.0454
2026-10-01T00:00:00+00:00,1.3474,0.5740,2.0949,0.6769,0.8736
2026-10-01T01:00:00+00:00,1.3480,0.5741,2.0957,0.6770,1.0100
2026-10-01T02:00:00+00:00,1.3674,0.5776,2.0700,0.6743,0.8568
2026-10-01T03:00:00+00:00,1.3804,0.5799,2.0658,0.6738,1.1066
2026-10-01T04:00:00+00:00,1.3952,0.5825,2.0643,0.6737,1.4407
2026-10-01T05:00:00+00:00,1.4079,0.5847,2.0654,0.6738,0.8767
2026-10-01T06:00:00+00:00,1.3770,0.5793,2.0621,0.6734,0.5981
2026-10-01T07:00:00+00:00,1.3596,0.5762,2.0673,0.6740,1.1086
2026-10-01T08:00:00+00:00,1.4248,0.5876,2.0941,0.6768,0.8587
2026-10-01T09:00:00+00:00,1.4673,0.5947,2.0771,0.6750,1.0318
2026-10-01T10:00:00+00:00,1.4402,0.5902,2.0752,0.6748,0.9591
2026-10-01T11:00:00+00:00,1.4295,0.5884,2.0608,0.6733,0.9058
2026-10-01T12:00:00+00:00,1.4201,0.5868,2.0568,0.6729,0.7867
2026-10-01T13:00:00+00:00,1.3964,0.5827,2.0530,0.6725,0.8677
2026-10-01T14:00:00+00:00,1.3381,0.5723,1.9881,0.6653,1.0663
2026-10-01T15:00:00+00:00,1.2899,0.5633,1.9715,0.6635,1.0528
2026-10-01T16:00:00+00:00,1.2614,0.5578,1.9543,0.6615,1.0435
2026-10-01T17:00:00+00:00,1.1829,0.5419,1.9366,0.6595,1.1166
2026-10-01T18:00:00+00:00,1.0751,0.5181,1.9274,0.6584,0.8817
2026-10-01T19:00:00+00:00,1.0509,0.5124,1.9487,0.6609,0.8701
2026-10-01T20:00:00+00:00,1.0454,0.5111,1.9246,0.6581,0.8591
2026-10-01T21:00:00+00:00,1.0454,0.5111,1.9143,0.6569,0.9194
2026-10-01T22:00:00+00:00,1.0379,0.5093,1.9174,0.6572,0.9976
2026-10-01T23:00:00+00:00,1.0383,0.5094,1.9106,0.6564,1.3343
2026-10-02T00:00:00+00:00,1.0392,0.5096,1.9007,0.6553,0.9996
2026-10-02T01:00:00+00:00,1.0362,0.5089,1.8924,0.6543,0.8832
2026-10-02T02:00:00+00:00,1.0239,0.5059,1.9026,0.6555,1.3149
2026-10-02T03:00:00+00:00,1.0153,0.5038,1.9017,0.6554,1.3557
2026-10-02T04:00:00+00:00,0.9689,0.4921,1.9155,0.6570,1.4457
2026-10-02T05:00:00+00:00,0.9257,0.4807,1.9798,0.6644,0.5940
2026-10-02T06:00:00+00:00,0.8957,0.4725,1.9970,0.6663,1.0489
2026-10-02T07:00:00+00:00,0.9146,0.4777,1.9922,0.6658,0.8369
2026-10-02T08:00:00+00:00,0.9294,0.4817,1.9779,0.6642,1.1356
2026-10-02T09:00:00+00:00,0.9131,0.4773,1.9530,0.6614,1.1919
2026-10-02T10:00:00+00:00,0.9106,0.4766,1.9598,0.6621,1.3634
2026-10-02T11:00:00+00:00,0.9011,0.4740,1.9494,0.6610,1.0832
2026-10-02T12:00:00+00:00,0.8972,0.4729,1.9447,0.6604,1.1808
2026-10-02T13:00:00+00:00,0.8875,0.4702,1.9174,0.6572,0.8759
2026-10-02T14:00:00+00:00,0.8678,0.4646,1.8642,0.6509,0.6609
2026-10-02T15:00:00+00:00,0.8744,0.4665,1.8403,0.6479,1.2183
2026-10-02T16:00:00+00:00,0.9539,0.4882,1.9192,0.6574,1.0813
2026-10-02T17:00:00+00:00,1.0190,0.5047,1.9553,0.6616,0.8193
2026-10-02T18:00:00+00:00,1.0730,0.5176,1.9649,0.6627,0.9403
2026-10-02T19:00:00+00:00,1.1066,0.5253,2.0253,0.6695,1.1414
2026-10-02T20:00:00+00:00,1.1377,0.5322,2.0549,0.6727,1.0465
2026-10-02T21:00:00+00:00,1.1519,0.5353,2.0556,0.6727,0.9594
2026-10-02T22:00:00+00:00,1.1640,0.5379,2.0694,0.6742,1.0150
2026-10-02T23:00:00+00:00,1.1768,0.5406,2.0513,0.6723,0.8982
2026-10-03T00:00:00+00:00,1.1882,0.5430,2.0516,0.6723,1.0028
2026-10-03T01:00:00+00:00,1.2163,0.5488,2.0532,0.6725,0.9469
2026-10-03T02:00:00+00:00,1.2247,0.5505,2.0276,0.6697,1.1370
2026-10-03T03:00:00+00:00,1.2104,0.5476,2.0315,0.6701,0.8983
2026-10-03T04:00:00+00:00,1.2104,0.5476,2.0265,0.6696,0.6854
2026-10-03T05:00:00+00:00,1.2090,0.5473,2.0225,0.6692,1.1003
2026-10-03T06:00:00+00:00,1.2095,0.5474,2.0200,0.6689,0.7826
2026-10-03T07:00:00+00:00,1.2129,0.5481,1.9693,0.6632,0.6751
2026-10-03T08:00:00+00:00,1.2119,0.5479,1.9531,0.6614,1.1415
2026-10-03T09:00:00+00:00,1.2109,0.5477,1.9514,0.6612,0.9362
2026-10-03T10:00:00+00:00,1.2129,0.5481,1.9512,0.6612,0.9693
2026-10-03T11:00:00+00:00,1.2143,0.5484,1.9543,0.6615,1.4067
2026-10-03T12:00:00+00:00,1.2212,0.5498,1.9517,0.6612,1.6433
2026-10-03T13:00:00+00:00,1.2287,0.5513,1.9346,0.6592,1.0886
2026-10-03T14:00:00+00:00,1.2257,0.5507,1.9331,0.6591,0.8020
2026-10-03T15:00:00+00:00,1.2212,0.5498,1.9390,0.6598,1.0711
2026-10-03T16:00:00+00:00,1.2217,0.5499,1.9418,0.6601,0.7274
2026-10-03T17:00:00+00:00,1.2222,0.5500,1.9320,0.6589,1.1862
2026-10-03T18:00:00+00:00,1.2346,0.5525,1.9276,0.6584,0.8877
2026-10-03T19:00:00+00:00,1.2272,0.5510,1.9213,0.6577,0.6086
2026-10-03T20:00:00+00:00,1.2173,0.5490,1.9265,0.6583,0.8153
2026-10-03T21:00:00+00:00,1.2222,0.5500,1.8881,0.6538,0.6236
2026-10-03T22:00:00+00:00,1.2153,0.5486,1.8541,0.6496,1.2651
2026-10-03T23:00:00+00:00,1.2173,0.5490,1.8542,0.6496,0.7478
2026-10-04T00:00:00+00:00,1.2188,0.5493,1.8515,0.6493,1.2141
2026-10-04T01:00:00+00:00,1.2202,0.5496,1.8422,0.6482,1.1013
2026-10-04T02:00:00+00:00,1.2207,0.5497,1.8364,0.6474,0.6920
2026-10-04T03:00:00+00:00,1.2212,0.5498,1.8354,0.6473,1.0775
2026-10-04T04:00:00+00:00,1.2237,0.5503,1.8350,0.6473,0.9162
2026-10-04T05:00:00+00:00,1.2257,0.5507,1.8334,0.6471,1.4364
2026-10-04T06:00:00+00:00,1.2297,0.5515,1.8361,0.6474,1.8352
2026-10-04T07:00:00+00:00,1.2237,0.5503,1.8393,0.6478,0.9716
2026-10-04T08:00:00+00:00,1.2252,0.5506,1.8275,0.6463,0.8096
2026-10-04T09:00:00+00:00,1.2202,0.5496,1.8094,0.6441,1.3764
2026-10-04T10:00:00+00:00,1.2193,0.5494,1.7957,0.6423,1.0792
2026-10-04T11:00:00+00:00,1.2090,0.5473,1.7787,0.6401,0.6775
2026-10-04T12:00:00+00:00,1.1959,0.5446,1.7694,0.6389,0.6586
2026-10-04T13:00:00+00:00,1.1725,0.5397,1.7644,0.6383,1.0504
2026-10-04T14:00:00+00:00,1.1654,0.5382,1.7600,0.6377,0.8085
2026-10-04T15:00:00+00:00,1.1441,0.5336,1.7644,0.6383,1.2919
2026-10-04T16:00:00+00:00,1.1377,0.5322,1.7608,0.6378,1.0591
2026-10-04T17:00:00+00:00,1.1327,0.5311,1.7546,0.6370,0.6846
2026-10-04T18:00:00+00:00,1.1281,0.5301,1.7568,0.6373,1.0647
2026-10-04T19:00:00+00:00,1.1263,0.5297,1.7589,0.6375,1.3112
2026-10-04T20:00:00+00:00,1.1299,0.5305,1.7643,0.6382,1.6475
2026-10-04T21:00:00+00:00,1.1173,0.5277,1.7558,0.6371,1.0380
2026-10-04T22:00:00+00:00,1.0912,0.5218,1.8118,0.6444,0.9659
2026-10-04T23:00:00+00:00,1.0500,0.5122,1.8107,0.6442,1.0568
2026-10-05T00:00:00+00:00,1.0153,0.5038,1.8066,0.6437,0.9636
2026-10-05T01:00:00+00:00,0.9833,0.4958,1.8210,0.6455,0.9851
2026-10-05T02:00:00+00:00,0.9616,0.4902,1.8040,0.6434,0.8289
2026-10-05T03:00:00+00:00,0.9410,0.4848,1.7953,0.6423,0.7157
2026-10-05T04:00:00+00:00,0.9124,0.4771,1.8183,0.6452,0.8221
2026-10-05T05:00:00+00:00,0.9399,0.4845,1.8431,0.6483,1.4122
2026-10-05T06:00:00+00:00,0.9936,0.4984,1.8557,0.6498,1.2494
2026-10-05T07:00:00+00:00,1.0092,0.5023,1.8434,0.6483,1.2670
2026-10-05T08:00:00+00:00,0.9897,0.4974,1.8717,0.6518,0.9038
2026-10-05T09:00:00+00:00,0.9747,0.4936,1.8624,0.6506,0.8268
2026-10-05T10:00:00+00:00,0.9841,0.4960,1.8461,0.6486,1.2231
2026-10-05T11:00:00+00:00,0.9976,0.4994,1.8493,0.6490,0.9590
2026-10-05T12:00:00+00:00,1.0016,0.5004,1.8374,0.6476,0.7774
2026-10-05T13:00:00+00:00,0.9960,0.4990,1.8308,0.6467,1.3380
2026-10-05T14:00:00+00:00,0.9853,0.4963,1.8184,0.6452,0.7719
2026-10-05T15:00:00+00:00,1.0329,0.5081,1.7559,0.6371,0.9452
2026-10-05T16:00:00+00:00,1.0467,0.5114,1.7674,0.6386,0.9564
2026-10-05T17:00:00+00:00,1.0890,0.5213,1.7827,0.6406,0.9533
2026-10-05T18:00:00+00:00,1.1286,0.5302,1.7849,0.6409,1.3303
2026-10-05T19:00:00+00:00,1.1459,0.5340,1.7916,0.6418,0.9720
2026-10-05T20:00:00+00:00,1.1313,0.5308,1.7793,0.6402,1.0389
2026-10-05T21:00:00+00:00,1.1304,0.5306,1.7842,0.6408,0.8960
2026-10-05T22:00:00+00:00,1.1218,0.5287,1.7850,0.6409,0.7568
2026-10-05T23:00:00+00:00,1.1110,0.5263,1.7817,0.6405,0.7775
2026-10-06T00:00:00+00:00,1.0859,0.5206,1.7755,0.6397,0.9522
2026-10-06T01:00:00+00:00,1.0803,0.5193,1.7701,0.6390,0.8216
2026-10-06T02:00:00+00:00,1.0653,0.5158,1.7384,0.6348,0.9374
2026-10-06T03:00:00+00:00,1.0619,0.5150,1.7474,0.6360,0.6634
2026-10-06T04:00:00+00:00,1.0636,0.5154,1.7326,0.6341,1.0317
2026-10-06T05:00:00+00:00,1.0764,0.5184,1.7478,0.6361,1.1344
2026-10-06T06:00:00+00:00,1.0833,0.5200,1.7543,0.6369,0.6582
2026-10-06T07:00:00+00:00,1.1026,0.5244,1.7336,0.6342,1.0625
2026-10-06T08:00:00+00:00,1.1195,0.5282,1.7283,0.6335,1.2950
2026-10-06T09:00:00+00:00,1.0838,0.5201,1.6946,0.6289,0.9968
2026-10-06T10:00:00+00:00,1.0665,0.5161,1.6855,0.6276,0.9793
2026-10-06T11:00:00+00:00,1.0509,0.5124,1.6622,0.6244,1.0786
2026-10-06T12:00:00+00:00,1.0202,0.5050,1.6692,0.6254,0.9187
2026-10-06T13:00:00+00:00,0.9956,0.4989,1.6974,0.6293,1.1400
2026-10-06T14:00:00+00:00,0.9654,0.4912,1.7012,0.6298,1.2633
2026-10-06T15:00:00+00:00,0.9482,0.4867,1.6870,0.6278,0.6979
2026-10-06T16:00:00+00:00,0.9234,0.4801,1.6368,0.6208,0.9461
2026-10-06T17:00:00+00:00,0.9806,0.4951,1.6229,0.6187,1.0013
2026-10-06T18:00:00+00:00,1.0429,0.5105,1.6037,0.6159,1.0759
2026-10-06T19:00:00+00:00,1.0695,0.5168,1.6280,0.6195,1.1421
2026-10-06T20:00:00+00:00,1.0756,0.5182,1.6436,0.6217,0.8476
2026-10-06T21:00:00+00:00,1.0864,0.5207,1.6433,0.6217,0.9978
2026-10-06T22:00:00+00:00,1.0934,0.5223,1.6428,0.6216,0.8716
2026-10-06T23:00:00+00:00,1.1053,0.5250,1.6483,0.6224,0.7790
2026-10-07T00:00:00+00:00,1.1142,0.5270,1.6328,0.6202,0.8865
2026-10-07T01:00:00+00:00,1.1322,0.5310,1.6320,0.6201,0.5072
2026-10-07T02:00:00+00:00,1.1496,0.5348,1.6016,0.6156,1.0016
2026-10-07T03:00:00+00:00,1.3052,0.5662,1.6229,0.6187,1.1487
2026-10-07T04:00:00+00:00,1.3702,0.5781,1.6072,0.6164,1.0805
2026-10-07T05:00:00+00:00,1.3691,0.5779,1.6070,0.6164,1.4327
2026-10-07T06:00:00+00:00,1.4010,0.5835,1.6235,0.6188,0.9675
2026-10-07T07:00:00+00:00,1.4038,0.5840,1.6333,0.6202,1.0570
2026-10-07T08:00:00+00:00,1.4015,0.5836,1.6441,0.6218,0.7337
2026-10-07T09:00:00+00:00,1.3935,0.5822,1.6621,0.6244,0.8029
2026-10-07T10:00:00+00:00,1.4178,0.5864,1.6250,0.6191,0.9167
2026-10-07T11:00:00+00:00,1.4716,0.5954,1.6365,0.6207,1.1807
2026-10-07T12:00:00+00:00,1.4839,0.5974,1.6670,0.6250,1.1549
2026-10-07T13:00:00+00:00,1.4845,0.5975,1.6919,0.6285,0.8808
2026-10-07T14:00:00+00:00,1.5259,0.6041,1.7410,0.6352,0.9404
2026-10-07T15:00:00+00:00,1.5867,0.6134,1.7247,0.6330,1.1066
2026-10-07T16:00:00+00:00,1.6688,0.6253,1.7084,0.6308,0.8510
2026-10-07T17:00:00+00:00,1.6539,0.6232,1.6770,0.6264,0.8861
2026-10-07T18:00:00+00:00,1.6539,0.6232,1.6791,0.6267,1.4593
2026-10-07T19:00:00+00:00,1.6695,0.6254,1.6738,0.6260,0.6598
2026-10-07T20:00:00+00:00,1.6824,0.6272,1.6290,0.6196,0.8190
2026-10-07T21:00:00+00:00,1.6831,0.6273,1.6025,0.6158,0.6136
2026-10-07T22:00:00+00:00,1.6702,0.6255,1.6021,0.6157,1.8595
2026-10-07T23:00:00+00:00,1.6817,0.6271,1.6132,0.6173,1.3099
2026-10-08T00:00:00+00:00,1.6896,0.6282,1.6208,0.6184,1.2278
2026-10-08T01:00:00+00:00,1.7005,0.6297,1.6255,0.6191,0.8025
2026-10-08T02:00:00+00:00,1.7174,0.6320,1.5494,0.6077,0.7114
2026-10-08T03:00:00+00:00,1.7442,0.6356,1.5608,0.6095,0.5971
2026-10-08T04:00:00+00:00,1.7427,0.6354,1.5273,0.6043,
