heure_utc,oi_btc,oi_usd
2026-09-17T02:00:00+00:00,108398.962,8274613084
2026-09-17T03:00:00+00:00,108250.105,8264159416
2026-09-17T04:00:00+00:00,108245.026,8270154598
2026-09-17T05:00:00+00:00,108445.410,8297095080
2026-09-17T06:00:00+00:00,108393.441,8269897109
2026-09-17T07:00:00+00:00,108508.816,8295326549
2026-09-17T08:00:00+00:00,108358.776,8280983544
2026-09-17T09:00:00+00:00,108025.507,8268650395
2026-09-17T10:00:00+00:00,108116.228,8264220671
2026-09-17T11:00:00+00:00,108472.952,8284600014
2026-09-17T12:00:00+00:00,108505.145,8295229186
2026-09-17T13:00:00+00:00,108562.139,8326602890
2026-09-17T14:00:00+00:00,109504.839,8396491590
2026-09-17T15:00:00+00:00,108748.599,8315961866
2026-09-17T16:00:00+00:00,108490.399,8324700501
2026-09-17T17:00:00+00:00,108333.983,8312759017
2026-09-17T18:00:00+00:00,108485.281,8314474664
2026-09-17T19:00:00+00:00,108293.531,8288773236
2026-09-17T20:00:00+00:00,108199.421,8285619112
2026-09-17T21:00:00+00:00,108176.172,8278733261
2026-09-17T22:00:00+00:00,108212.954,8265205154
2026-09-17T23:00:00+00:00,108171.555,8262962941
2026-09-18T00:00:00+00:00,108245.178,8268414305
2026-09-18T01:00:00+00:00,108438.918,8301411241
2026-09-18T02:00:00+00:00,108428.661,8317608595
2026-09-18T03:00:00+00:00,109272.982,8408566417
2026-09-18T04:00:00+00:00,108297.363,8376692731
2026-09-18T05:00:00+00:00,108217.330,8390023362
2026-09-18T06:00:00+00:00,108737.746,8422586582
2026-09-18T07:00:00+00:00,108419.828,8409949051
2026-09-18T08:00:00+00:00,108445.738,8434486563
2026-09-18T09:00:00+00:00,107944.176,8445692658
2026-09-18T10:00:00+00:00,107551.545,8407185966
2026-09-18T11:00:00+00:00,107481.027,8410347553
2026-09-18T12:00:00+00:00,107764.634,8409220925
2026-09-18T13:00:00+00:00,107685.781,8400096345
2026-09-18T14:00:00+00:00,107851.512,8633146840
2026-09-18T15:00:00+00:00,110236.595,8918063370
2026-09-18T16:00:00+00:00,109613.163,8844554587
2026-09-18T17:00:00+00:00,110223.543,8907432760
2026-09-18T18:00:00+00:00,109980.836,8906589040
2026-09-18T19:00:00+00:00,109197.729,8834204254
2026-09-18T20:00:00+00:00,108899.883,8838597644
2026-09-18T21:00:00+00:00,108665.871,8810672287
2026-09-18T22:00:00+00:00,108350.424,8798384624
2026-09-18T23:00:00+00:00,108066.486,8764332501
2026-09-19T00:00:00+00:00,107938.520,8728232543
2026-09-19T01:00:00+00:00,108234.264,8836310254
2026-09-19T02:00:00+00:00,107917.067,8768585445
2026-09-19T03:00:00+00:00,108052.777,8779872807
2026-09-19T04:00:00+00:00,108229.423,8777417028
2026-09-19T05:00:00+00:00,107999.330,8747589332
2026-09-19T06:00:00+00:00,108102.910,8758121001
2026-09-19T07:00:00+00:00,108324.452,8776447101
2026-09-19T08:00:00+00:00,108157.337,8768247119
2026-09-19T09:00:00+00:00,108224.487,8797352099
2026-09-19T10:00:00+00:00,108845.916,8849697931
2026-09-19T11:00:00+00:00,108212.243,8785535585
2026-09-19T12:00:00+00:00,108181.472,8792863379
2026-09-19T13:00:00+00:00,108098.972,8789159877
2026-09-19T14:00:00+00:00,108029.279,8785439725
2026-09-19T15:00:00+00:00,108109.390,8816410324
2026-09-19T16:00:00+00:00,107866.497,8802887740
2026-09-19T17:00:00+00:00,108035.046,8836737391
2026-09-19T18:00:00+00:00,107920.918,8787568669
2026-09-19T19:00:00+00:00,107782.640,8773346988
2026-09-19T20:00:00+00:00,107799.464,8767395087
2026-09-19T21:00:00+00:00,107653.881,8734149847
2026-09-19T22:00:00+00:00,107426.428,8709071261
2026-09-19T23:00:00+00:00,107463.237,8729381773
2026-09-20T00:00:00+00:00,107646.325,8743637336
2026-09-20T01:00:00+00:00,107485.364,8734790061
2026-09-20T02:00:00+00:00,107546.875,8718394969
2026-09-20T03:00:00+00:00,108975.056,8751110189
2026-09-20T04:00:00+00:00,109166.725,8784462899
2026-09-20T05:00:00+00:00,109228.911,8782703509
2026-09-20T06:00:00+00:00,109034.880,8772946445
2026-09-20T07:00:00+00:00,109424.118,8785003568
2026-09-20T08:00:00+00:00,109283.332,8773966946
2026-09-20T09:00:00+00:00,109270.155,8767554862
2026-09-20T10:00:00+00:00,109172.197,8781516762
2026-09-20T11:00:00+00:00,108990.630,8750552038
2026-09-20T12:00:00+00:00,108940.755,8764109435
2026-09-20T13:00:00+00:00,108759.751,8750805703
2026-09-20T14:00:00+00:00,109102.389,8786371190
2026-09-20T15:00:00+00:00,109025.257,8792559901
2026-09-20T16:00:00+00:00,108755.326,8795369133
2026-09-20T17:00:00+00:00,107044.671,8702496254
2026-09-20T18:00:00+00:00,107112.486,8688482858
2026-09-20T19:00:00+00:00,107289.985,8690306392
2026-09-20T20:00:00+00:00,107319.792,8708357202
2026-09-20T21:00:00+00:00,107369.019,8702258990
2026-09-20T22:00:00+00:00,107415.645,8689657141
2026-09-20T23:00:00+00:00,107440.863,8722988324
2026-09-21T00:00:00+00:00,107777.740,8745506157
2026-09-21T01:00:00+00:00,107795.938,8795204885
2026-09-21T02:00:00+00:00,107481.687,8702738456
2026-09-21T03:00:00+00:00,107982.043,8776780455
2026-09-21T04:00:00+00:00,108224.538,8809867002
2026-09-21T05:00:00+00:00,108166.008,8801870253
2026-09-21T06:00:00+00:00,108931.408,8880088380
2026-09-21T07:00:00+00:00,109452.686,8932482325
2026-09-21T08:00:00+00:00,109752.972,8966598306
2026-09-21T09:00:00+00:00,110314.840,9239118911
2026-09-21T10:00:00+00:00,110234.141,9328663393
2026-09-21T11:00:00+00:00,109938.354,9279148106
2026-09-21T12:00:00+00:00,110196.805,9349664005
2026-09-21T13:00:00+00:00,111704.039,9527639621
2026-09-21T14:00:00+00:00,111403.866,9515717180
2026-09-21T15:00:00+00:00,111363.465,9555965295
2026-09-21T16:00:00+00:00,110573.409,9495840526
2026-09-21T17:00:00+00:00,110567.620,9499792205
2026-09-21T18:00:00+00:00,110244.611,9464962882
2026-09-21T19:00:00+00:00,110645.963,9517931706
2026-09-21T20:00:00+00:00,110231.019,9530759587
2026-09-21T21:00:00+00:00,109029.467,9482953589
2026-09-21T22:00:00+00:00,108849.848,9420410232
2026-09-21T23:00:00+00:00,108950.196,9415388778
2026-09-22T00:00:00+00:00,109189.231,9454075225
2026-09-22T01:00:00+00:00,108782.999,9342694820
2026-09-22T02:00:00+00:00,109088.844,9336728707
2026-09-22T03:00:00+00:00,109090.404,9347659521
2026-09-22T04:00:00+00:00,109917.995,9416520782
2026-09-22T05:00:00+00:00,110662.843,9453340164
2026-09-22T06:00:00+00:00,110459.732,9430311838
2026-09-22T07:00:00+00:00,110324.412,9416592252
2026-09-22T08:00:00+00:00,110210.930,9403714539
2026-09-22T09:00:00+00:00,110080.740,9487156201
2026-09-22T10:00:00+00:00,109840.138,9468900904
2026-09-22T11:00:00+00:00,109627.615,9413021683
2026-09-22T12:00:00+00:00,109357.200,9399262276
2026-09-22T13:00:00+00:00,109567.794,9422118093
2026-09-22T14:00:00+00:00,109709.704,9469782098
2026-09-22T15:00:00+00:00,109119.316,9408005539
2026-09-22T16:00:00+00:00,109548.024,9461388963
2026-09-22T17:00:00+00:00,109310.131,9444226855
2026-09-22T18:00:00+00:00,109077.632,9437691230
2026-09-22T19:00:00+00:00,108135.726,9343613653
2026-09-22T20:00:00+00:00,107279.236,9243752666
2026-09-22T21:00:00+00:00,106991.027,9224209995
2026-09-22T22:00:00+00:00,106972.746,9214974653
2026-09-22T23:00:00+00:00,107082.742,9218118761
2026-09-23T00:00:00+00:00,106719.998,9195153419
2026-09-23T01:00:00+00:00,106861.987,9235354875
2026-09-23T02:00:00+00:00,106601.901,9203408978
2026-09-23T03:00:00+00:00,106771.184,9236906961
2026-09-23T04:00:00+00:00,106548.060,9233870417
2026-09-23T05:00:00+00:00,106454.161,9273764881
2026-09-23T06:00:00+00:00,106082.672,9170706409
2026-09-23T07:00:00+00:00,105992.888,9160779609
2026-09-23T08:00:00+00:00,105987.950,9125573094
2026-09-23T09:00:00+00:00,105923.183,9096481702
2026-09-23T10:00:00+00:00,106365.360,9128622090
2026-09-23T11:00:00+00:00,106503.258,9146588535
2026-09-23T12:00:00+00:00,106267.456,9098917132
2026-09-23T13:00:00+00:00,105847.452,9047401413
2026-09-23T14:00:00+00:00,105773.152,9070587227
2026-09-23T15:00:00+00:00,101769.747,8597762651
2026-09-23T16:00:00+00:00,100520.506,8440274651
2026-09-23T17:00:00+00:00,99241.338,8336709054
2026-09-23T18:00:00+00:00,99277.680,8367341621
2026-09-23T19:00:00+00:00,99192.255,8360151003
2026-09-23T20:00:00+00:00,98852.025,8349496751
2026-09-23T21:00:00+00:00,98621.028,8303476349
2026-09-23T22:00:00+00:00,98493.696,8310277554
2026-09-23T23:00:00+00:00,98338.692,8311989436
2026-09-24T00:00:00+00:00,98503.139,8309251991
2026-09-24T01:00:00+00:00,98208.914,8277688402
2026-09-24T02:00:00+00:00,98324.650,8266212320
2026-09-24T03:00:00+00:00,98640.993,8318211194
2026-09-24T04:00:00+00:00,98377.560,8254113390
2026-09-24T05:00:00+00:00,98018.623,8234173801
2026-09-24T06:00:00+00:00,97532.517,8187759679
2026-09-24T07:00:00+00:00,97780.620,8220636112
2026-09-24T08:00:00+00:00,97525.592,8238555093
2026-09-24T09:00:00+00:00,97029.588,8112692367
2026-09-24T10:00:00+00:00,97380.830,8104614265
2026-09-24T11:00:00+00:00,96621.112,8065564580
2026-09-24T12:00:00+00:00,96290.772,8035880203
2026-09-24T13:00:00+00:00,96496.017,8063618316
2026-09-24T14:00:00+00:00,96127.008,8095528233
2026-09-24T15:00:00+00:00,96206.215,8047394456
2026-09-24T16:00:00+00:00,96002.509,8100154095
2026-09-24T17:00:00+00:00,95992.665,8106647754
2026-09-24T18:00:00+00:00,95653.023,8041980082
2026-09-24T19:00:00+00:00,95197.007,8038197279
2026-09-24T20:00:00+00:00,96012.487,8101188008
2026-09-24T21:00:00+00:00,95956.134,8091253224
2026-09-24T22:00:00+00:00,95973.204,8091395961
2026-09-24T23:00:00+00:00,95789.142,8068836692
2026-09-25T00:00:00+00:00,95872.910,8088797417
2026-09-25T01:00:00+00:00,96205.398,8135186178
2026-09-25T02:00:00+00:00,95972.015,8116977127
2026-09-25T03:00:00+00:00,96414.918,8116140307
2026-09-25T04:00:00+00:00,96586.490,8132771724
2026-09-25T05:00:00+00:00,96677.557,8137494989
2026-09-25T06:00:00+00:00,96564.343,8126082592
2026-09-25T07:00:00+00:00,97157.712,8161179798
2026-09-25T08:00:00+00:00,96440.679,8100496256
2026-09-25T09:00:00+00:00,96271.248,8123002075
2026-09-25T10:00:00+00:00,96293.729,8140017052
2026-09-25T11:00:00+00:00,96165.285,8143118348
2026-09-25T12:00:00+00:00,95758.736,8095104843
2026-09-25T13:00:00+00:00,95707.024,8079960223
2026-09-25T14:00:00+00:00,95555.827,8015977660
2026-09-25T15:00:00+00:00,95683.790,8035602246
2026-09-25T16:00:00+00:00,95832.295,8026884280
2026-09-25T17:00:00+00:00,95370.898,7984051023
2026-09-25T18:00:00+00:00,95323.186,7983382037
2026-09-25T19:00:00+00:00,95356.395,8003424338
2026-09-25T20:00:00+00:00,95344.844,8007562341
2026-09-25T21:00:00+00:00,95067.585,7971059860
2026-09-25T22:00:00+00:00,95236.352,7975895190
2026-09-25T23:00:00+00:00,95254.638,8004933065
2026-09-26T00:00:00+00:00,95211.408,8003090111
2026-09-26T01:00:00+00:00,95058.658,7972474588
2026-09-26T02:00:00+00:00,94994.814,7983497161
2026-09-26T03:00:00+00:00,94921.988,7971671951
2026-09-26T04:00:00+00:00,94881.554,7961402938
2026-09-26T05:00:00+00:00,94991.494,7974307942
2026-09-26T06:00:00+00:00,94976.914,7968040712
2026-09-26T07:00:00+00:00,94933.395,7961237918
2026-09-26T08:00:00+00:00,94793.864,7969869415
2026-09-26T09:00:00+00:00,94799.163,7978999072
2026-09-26T10:00:00+00:00,94707.943,7952550207
2026-09-26T11:00:00+00:00,94689.823,7966756665
2026-09-26T12:00:00+00:00,94714.983,7968778794
2026-09-26T13:00:00+00:00,94739.775,7960059924
2026-09-26T14:00:00+00:00,94904.862,7963314606
2026-09-26T15:00:00+00:00,94907.527,7970277173
2026-09-26T16:00:00+00:00,94905.502,7982748528
2026-09-26T17:00:00+00:00,94843.499,7973540922
2026-09-26T18:00:00+00:00,94749.036,7968113635
2026-09-26T19:00:00+00:00,94544.597,7938994900
2026-09-26T20:00:00+00:00,94512.333,7937641656
2026-09-26T21:00:00+00:00,94302.038,7920952470
2026-09-26T22:00:00+00:00,94282.883,7930953550
2026-09-26T23:00:00+00:00,94577.457,7968107112
2026-09-27T00:00:00+00:00,94517.662,7978624399
2026-09-27T01:00:00+00:00,94408.181,7955475307
2026-09-27T02:00:00+00:00,94291.039,7963520193
2026-09-27T03:00:00+00:00,94298.809,7960186812
2026-09-27T04:00:00+00:00,94134.015,7940787796
2026-09-27T05:00:00+00:00,94105.149,7932593535
2026-09-27T06:00:00+00:00,94055.482,7943615525
2026-09-27T07:00:00+00:00,94132.379,7952153923
2026-09-27T08:00:00+00:00,94701.056,8026846791
2026-09-27T09:00:00+00:00,94801.118,8034919791
2026-09-27T10:00:00+00:00,94875.189,8055890248
2026-09-27T11:00:00+00:00,94609.178,8026608481
2026-09-27T12:00:00+00:00,94565.256,8024571211
2026-09-27T13:00:00+00:00,94651.644,8022143296
2026-09-27T14:00:00+00:00,95004.228,8074592244
2026-09-27T15:00:00+00:00,94609.658,7993664116
2026-09-27T16:00:00+00:00,94511.043,7979283827
2026-09-27T17:00:00+00:00,94393.030,7966299767
2026-09-27T18:00:00+00:00,94350.085,7975875000
2026-09-27T19:00:00+00:00,94156.108,7982902944
2026-09-27T20:00:00+00:00,94711.258,8021758943
2026-09-27T21:00:00+00:00,94736.375,8005972105
2026-09-27T22:00:00+00:00,94677.579,8013672688
2026-09-27T23:00:00+00:00,94512.546,7953788370
2026-09-28T00:00:00+00:00,94143.007,7948776510
2026-09-28T01:00:00+00:00,94626.201,7957938085
2026-09-28T02:00:00+00:00,95128.035,7957912200
2026-09-28T03:00:00+00:00,95265.097,7943051364
2026-09-28T04:00:00+00:00,95878.962,7986957232
2026-09-28T05:00:00+00:00,95841.605,7997706434
2026-09-28T06:00:00+00:00,95611.760,7949863808
2026-09-28T07:00:00+00:00,95582.478,7945424490
2026-09-28T08:00:00+00:00,95957.058,7957378480
2026-09-28T09:00:00+00:00,95568.874,7925673829
2026-09-28T10:00:00+00:00,95961.038,7930220180
2026-09-28T11:00:00+00:00,96341.633,7989656536
2026-09-28T12:00:00+00:00,96244.199,7993504201
2026-09-28T13:00:00+00:00,95252.548,7956483435
2026-09-28T14:00:00+00:00,95190.571,7958797970
2026-09-28T15:00:00+00:00,95100.669,7892204809
2026-09-28T16:00:00+00:00,94892.447,7910292898
2026-09-28T17:00:00+00:00,94067.876,7870790880
2026-09-28T18:00:00+00:00,93253.927,7818026069
2026-09-28T19:00:00+00:00,93118.543,7822418981
2026-09-28T20:00:00+00:00,92905.981,7744086103
2026-09-28T21:00:00+00:00,93015.012,7767009014
2026-09-28T22:00:00+00:00,92718.998,7711995378
2026-09-28T23:00:00+00:00,92716.085,7743118938
2026-09-29T00:00:00+00:00,92799.765,7745170467
2026-09-29T01:00:00+00:00,92837.852,7719354279
2026-09-29T02:00:00+00:00,93041.492,7725229124
2026-09-29T03:00:00+00:00,93043.920,7717301016
2026-09-29T04:00:00+00:00,92977.008,7720748379
2026-09-29T05:00:00+00:00,92957.178,7730858074
2026-09-29T06:00:00+00:00,92939.440,7751019181
2026-09-29T07:00:00+00:00,92955.195,7804973653
2026-09-29T08:00:00+00:00,92770.696,7787812340
2026-09-29T09:00:00+00:00,93039.683,7800716838
2026-09-29T10:00:00+00:00,93533.893,7876872618
2026-09-29T11:00:00+00:00,93332.197,7839027384
2026-09-29T12:00:00+00:00,93171.780,7855561303
2026-09-29T13:00:00+00:00,93117.601,7848985462
2026-09-29T14:00:00+00:00,93142.830,7840204572
2026-09-29T15:00:00+00:00,93051.883,7789205015
2026-09-29T16:00:00+00:00,93116.388,7731556124
2026-09-29T17:00:00+00:00,93392.624,7753969580
2026-09-29T18:00:00+00:00,93306.342,7748401236
2026-09-29T19:00:00+00:00,93141.785,7787957211
2026-09-29T20:00:00+00:00,92548.140,7732024240
2026-09-29T21:00:00+00:00,92581.406,7737981688
2026-09-29T22:00:00+00:00,92695.527,7737336225
2026-09-29T23:00:00+00:00,92755.575,7752047181
2026-09-30T00:00:00+00:00,92473.810,7733076124
2026-09-30T01:00:00+00:00,92688.149,7731798747
2026-09-30T02:00:00+00:00,92815.344,7742041278
2026-09-30T03:00:00+00:00,92996.287,7751128926
2026-09-30T04:00:00+00:00,92897.624,7735675699
2026-09-30T05:00:00+00:00,93050.769,7739123474
2026-09-30T06:00:00+00:00,92920.092,7744638784
2026-09-30T07:00:00+00:00,93218.752,7737529291
2026-09-30T08:00:00+00:00,93361.323,7773228123
2026-09-30T09:00:00+00:00,93935.451,7798885375
2026-09-30T10:00:00+00:00,93554.333,7820739955
2026-09-30T11:00:00+00:00,94369.844,7915820866
2026-09-30T12:00:00+00:00,93886.430,7875796414
2026-09-30T13:00:00+00:00,96209.484,8203046907
2026-09-30T14:00:00+00:00,93441.576,7904064063
2026-09-30T15:00:00+00:00,93521.778,7833608578
2026-09-30T16:00:00+00:00,94891.695,7980856519
2026-09-30T17:00:00+00:00,94519.762,7969745648
2026-09-30T18:00:00+00:00,94869.019,7970714725
2026-09-30T19:00:00+00:00,94843.526,7958699641
2026-09-30T20:00:00+00:00,95618.302,7991161555
2026-09-30T21:00:00+00:00,95484.620,7986162176
2026-09-30T22:00:00+00:00,95389.732,7986018824
2026-09-30T23:00:00+00:00,95424.913,7982303595
2026-10-01T00:00:00+00:00,95419.199,7975450877
2026-10-01T01:00:00+00:00,95588.283,7978622205
2026-10-01T02:00:00+00:00,95582.599,7978584167
2026-10-01T03:00:00+00:00,95640.573,7981808352
2026-10-01T04:00:00+00:00,95730.667,8014475711
2026-10-01T05:00:00+00:00,95740.333,8048889795
2026-10-01T06:00:00+00:00,95870.729,8078067626
2026-10-01T07:00:00+00:00,95774.575,8053043784
2026-10-01T08:00:00+00:00,96159.977,8017972738
2026-10-01T09:00:00+00:00,96148.266,8030793532
2026-10-01T10:00:00+00:00,95654.084,8010455610
2026-10-01T11:00:00+00:00,95453.110,8011614080
2026-10-01T12:00:00+00:00,95344.476,7997323027
2026-10-01T13:00:00+00:00,95676.733,8009011178
2026-10-01T14:00:00+00:00,96454.036,8094596318
2026-10-01T15:00:00+00:00,96705.399,8124404310
2026-10-01T16:00:00+00:00,97239.703,8180428405
2026-10-01T17:00:00+00:00,98166.930,8262268747
2026-10-01T18:00:00+00:00,98636.111,8371764255
2026-10-01T19:00:00+00:00,97706.346,8282068648
2026-10-01T20:00:00+00:00,97257.596,8229065637
2026-10-01T21:00:00+00:00,97206.130,8222369688
2026-10-01T22:00:00+00:00,97021.651,8200166650
2026-10-01T23:00:00+00:00,96981.033,8215515645
2026-10-02T00:00:00+00:00,96930.762,8222597768
2026-10-02T01:00:00+00:00,96688.796,8194472150
2026-10-02T02:00:00+00:00,96810.225,8216729927
2026-10-02T03:00:00+00:00,97104.974,8269915979
2026-10-02T04:00:00+00:00,98623.836,8430293601
2026-10-02T05:00:00+00:00,100171.730,8677626541
2026-10-02T06:00:00+00:00,99495.538,8553409530
2026-10-02T07:00:00+00:00,99410.299,8544494138
2026-10-02T08:00:00+00:00,99669.326,8577970774
2026-10-02T09:00:00+00:00,99945.344,8615808369
2026-10-02T10:00:00+00:00,99707.082,8607394295
2026-10-02T11:00:00+00:00,99531.716,8584783400
2026-10-02T12:00:00+00:00,99213.957,8570070930
2026-10-02T13:00:00+00:00,99776.806,8657513724
2026-10-02T14:00:00+00:00,99721.257,8628364322
2026-10-02T15:00:00+00:00,96767.959,8286908028
2026-10-02T16:00:00+00:00,96446.315,8226619909
2026-10-02T17:00:00+00:00,95662.990,8143828604
2026-10-02T18:00:00+00:00,95282.555,8076686394
2026-10-02T19:00:00+00:00,95343.506,8029810383
2026-10-02T20:00:00+00:00,95638.545,8059521505
2026-10-02T21:00:00+00:00,98937.295,8352554050
2026-10-02T22:00:00+00:00,98586.874,8329933461
2026-10-02T23:00:00+00:00,98335.902,8310917632
2026-10-03T00:00:00+00:00,98184.174,8294868181
2026-10-03T01:00:00+00:00,98078.659,8298445146
2026-10-03T02:00:00+00:00,97895.498,8281953622
2026-10-03T03:00:00+00:00,97756.945,8266331360
2026-10-03T04:00:00+00:00,97618.764,8264043371
2026-10-03T05:00:00+00:00,97487.299,8241333256
2026-10-03T06:00:00+00:00,97496.025,8248153965
2026-10-03T07:00:00+00:00,97973.113,8281275349
2026-10-03T08:00:00+00:00,97724.857,8259852235
2026-10-03T09:00:00+00:00,97707.278,8264690296
2026-10-03T10:00:00+00:00,97745.007,8264493625
2026-10-03T11:00:00+00:00,97616.444,8257706894
2026-10-03T12:00:00+00:00,97532.728,8254606436
2026-10-03T13:00:00+00:00,97600.866,8281091877
2026-10-03T14:00:00+00:00,97744.159,8291118964
2026-10-03T15:00:00+00:00,97588.261,8277288057
2026-10-03T16:00:00+00:00,97637.699,8283113722
2026-10-03T17:00:00+00:00,97266.197,8250705035
2026-10-03T18:00:00+00:00,97100.457,8250780999
2026-10-03T19:00:00+00:00,97118.362,8245466287
2026-10-03T20:00:00+00:00,96744.273,8203391931
2026-10-03T21:00:00+00:00,97186.197,8231670886
2026-10-03T22:00:00+00:00,97412.187,8248121500
2026-10-03T23:00:00+00:00,97306.017,8244466364
2026-10-04T00:00:00+00:00,97927.845,8295530162
2026-10-04T01:00:00+00:00,97065.875,8227012367
2026-10-04T02:00:00+00:00,97028.087,8224576092
2026-10-04T03:00:00+00:00,97102.589,8230891246
2026-10-04T04:00:00+00:00,97176.650,8240575931
2026-10-04T05:00:00+00:00,97224.756,8241995350
2026-10-04T06:00:00+00:00,97469.297,8272810120
2026-10-04T07:00:00+00:00,98032.004,8331657172
2026-10-04T08:00:00+00:00,98158.831,8350155804
2026-10-04T09:00:00+00:00,98446.884,8374199382
2026-10-04T10:00:00+00:00,98555.169,8395919409
2026-10-04T11:00:00+00:00,98767.836,8417083875
2026-10-04T12:00:00+00:00,98940.953,8436085841
2026-10-04T13:00:00+00:00,98905.650,8416091153
2026-10-04T14:00:00+00:00,98905.501,8426264048
2026-10-04T15:00:00+00:00,98838.768,8425739240
2026-10-04T16:00:00+00:00,98658.660,8406990529
2026-10-04T17:00:00+00:00,98573.472,8411122283
2026-10-04T18:00:00+00:00,98459.553,8396414069
2026-10-04T19:00:00+00:00,98516.028,8403118528
2026-10-04T20:00:00+00:00,98527.612,8413016617
2026-10-04T21:00:00+00:00,98574.734,8456327786
2026-10-04T22:00:00+00:00,97631.001,8379272013
2026-10-04T23:00:00+00:00,96506.841,8338314211
2026-10-05T00:00:00+00:00,97452.280,8429005144
2026-10-05T01:00:00+00:00,98109.267,8497390007
2026-10-05T02:00:00+00:00,98527.616,8530664809
2026-10-05T03:00:00+00:00,98459.453,8516014085
2026-10-05T04:00:00+00:00,98650.978,8488985733
2026-10-05T05:00:00+00:00,98707.032,8439720243
2026-10-05T06:00:00+00:00,98218.988,8420716539
2026-10-05T07:00:00+00:00,97489.093,8406513736
2026-10-05T08:00:00+00:00,97989.571,8448817595
2026-10-05T09:00:00+00:00,97581.581,8411161993
2026-10-05T10:00:00+00:00,97241.188,8356470111
2026-10-05T11:00:00+00:00,97076.147,8355343972
2026-10-05T12:00:00+00:00,96925.746,8352608115
2026-10-05T13:00:00+00:00,96918.735,8321431517
2026-10-05T14:00:00+00:00,97126.206,8391109043
2026-10-05T15:00:00+00:00,96166.189,8231806940
2026-10-05T16:00:00+00:00,95843.399,8168292238
2026-10-05T17:00:00+00:00,95413.804,8135044813
2026-10-05T18:00:00+00:00,95008.924,8112551270
2026-10-05T19:00:00+00:00,94909.701,8125594062
2026-10-05T20:00:00+00:00,94718.401,8115491541
2026-10-05T21:00:00+00:00,94547.044,8105980369
2026-10-05T22:00:00+00:00,94498.980,8117808068
2026-10-05T23:00:00+00:00,94432.707,8110258608
2026-10-06T00:00:00+00:00,94297.173,8083009901
2026-10-06T01:00:00+00:00,94439.336,8109562446
2026-10-06T02:00:00+00:00,94535.027,8090461055
2026-10-06T03:00:00+00:00,94562.097,8084475078
2026-10-06T04:00:00+00:00,94812.799,8102712547
2026-10-06T05:00:00+00:00,94576.342,8094340091
2026-10-06T06:00:00+00:00,94597.906,8086068188
2026-10-06T07:00:00+00:00,95263.407,8123001026
2026-10-06T08:00:00+00:00,95053.734,8128553193
2026-10-06T09:00:00+00:00,94465.730,8121829439
2026-10-06T10:00:00+00:00,94347.525,8109094296
2026-10-06T11:00:00+00:00,94731.046,8157280898
2026-10-06T12:00:00+00:00,94734.016,8167104780
2026-10-06T13:00:00+00:00,94385.345,8134102846
2026-10-06T14:00:00+00:00,94673.590,8168077236
2026-10-06T15:00:00+00:00,94907.690,8217718603
2026-10-06T16:00:00+00:00,95534.338,8186538045
2026-10-06T17:00:00+00:00,96094.235,8219622189
2026-10-06T18:00:00+00:00,96257.545,8246707733
2026-10-06T19:00:00+00:00,95665.066,8176091398
2026-10-06T20:00:00+00:00,95540.041,8177036608
2026-10-06T21:00:00+00:00,95438.045,8167203467
2026-10-06T22:00:00+00:00,95309.643,8155750992
2026-10-06T23:00:00+00:00,95372.106,8153380416
2026-10-07T00:00:00+00:00,95681.342,8182390892
2026-10-07T01:00:00+00:00,95635.520,8176942159
2026-10-07T02:00:00+00:00,96066.524,8103013073
2026-10-07T03:00:00+00:00,96461.323,8084260112
2026-10-07T04:00:00+00:00,96689.519,8132062327
2026-10-07T05:00:00+00:00,96583.248,8118816796
2026-10-07T06:00:00+00:00,96491.220,8133332340
2026-10-07T07:00:00+00:00,96029.838,8084241510
2026-10-07T08:00:00+00:00,96134.668,8085202021
2026-10-07T09:00:00+00:00,96007.338,8055975732
2026-10-07T10:00:00+00:00,97085.787,8132502872
2026-10-07T11:00:00+00:00,97094.250,8127516932
2026-10-07T12:00:00+00:00,97231.183,8138891743
2026-10-07T13:00:00+00:00,96873.802,8085114819
2026-10-07T14:00:00+00:00,95752.909,7961795595
2026-10-07T15:00:00+00:00,95803.208,7949577754
2026-10-07T16:00:00+00:00,95655.855,7978846052
2026-10-07T17:00:00+00:00,95728.650,7978518402
2026-10-07T18:00:00+00:00,95493.267,7939033288
2026-10-07T19:00:00+00:00,95552.238,7967433641
2026-10-07T20:00:00+00:00,96054.247,8010609134
2026-10-07T21:00:00+00:00,96317.469,8031566216
2026-10-07T22:00:00+00:00,96212.777,7997100190
2026-10-07T23:00:00+00:00,96003.610,7987768600
2026-10-08T00:00:00+00:00,95833.850,7981234696
2026-10-08T01:00:00+00:00,95789.749,7982341785
2026-10-08T02:00:00+00:00,95865.900,7962947598
2026-10-08T03:00:00+00:00,96077.914,7987264440
2026-10-08T04:00:00+00:00,96874.719,8013293187
2026-10-08T05:00:00+00:00,96550.930,7976432853
2026-10-08T06:00:00+00:00,96275.563,7955914072
2026-10-08T07:00:00+00:00,96397.754,7985725610
2026-10-08T08:00:00+00:00,95818.663,7948063023
2026-10-08T09:00:00+00:00,95847.627,7939049360
2026-10-08T10:00:00+00:00,95896.987,7967121680
2026-10-08T11:00:00+00:00,96048.555,7942865063
2026-10-08T12:00:00+00:00,96352.579,7946241216
2026-10-08T13:00:00+00:00,96240.241,7918059964
2026-10-08T14:00:00+00:00,96423.443,7920758463
2026-10-08T15:00:00+00:00,96279.259,7958944295
2026-10-08T16:00:00+00:00,94026.820,7617316395
2026-10-08T17:00:00+00:00,94808.312,7673225404
2026-10-08T18:00:00+00:00,93567.663,7551830293
2026-10-08T19:00:00+00:00,93361.720,7606547978
2026-10-08T20:00:00+00:00,92915.374,7594112890
2026-10-08T21:00:00+00:00,92927.720,7600059189
2026-10-08T22:00:00+00:00,92722.584,7570789711
2026-10-08T23:00:00+00:00,92921.813,7607137143
2026-10-09T00:00:00+00:00,93004.144,7599452310
2026-10-09T01:00:00+00:00,93324.668,7631998024
2026-10-09T02:00:00+00:00,93236.050,7640312030
2026-10-09T03:00:00+00:00,93073.129,7639768184
2026-10-09T04:00:00+00:00,92904.447,7653932866
2026-10-09T05:00:00+00:00,92557.676,7609166544
2026-10-09T06:00:00+00:00,92783.781,7639547455
2026-10-09T07:00:00+00:00,92908.767,7668150757
2026-10-09T08:00:00+00:00,92932.480,7678114134
2026-10-09T09:00:00+00:00,92848.300,7674820654
2026-10-09T10:00:00+00:00,92759.607,7663383680
2026-10-09T11:00:00+00:00,92603.799,7641880148
2026-10-09T12:00:00+00:00,91839.741,7642272947
2026-10-09T13:00:00+00:00,91965.312,7631980526
2026-10-09T14:00:00+00:00,92050.475,7602181784
2026-10-09T15:00:00+00:00,91909.579,7629248287
2026-10-09T16:00:00+00:00,91975.911,7621259878
2026-10-09T17:00:00+00:00,91639.807,7580417343
2026-10-09T18:00:00+00:00,91893.494,7597808057
2026-10-09T19:00:00+00:00,92000.192,7582746518
2026-10-09T20:00:00+00:00,92300.213,7595632268
2026-10-09T21:00:00+00:00,92451.621,7625082331
2026-10-09T22:00:00+00:00,92367.734,7621034249
2026-10-09T23:00:00+00:00,92494.770,7639790518
2026-10-10T00:00:00+00:00,92528.779,7641006985
2026-10-10T01:00:00+00:00,92729.720,7653048702
2026-10-10T02:00:00+00:00,92365.176,7634064925
2026-10-10T03:00:00+00:00,92356.854,7627789515
2026-10-10T04:00:00+00:00,92244.268,7615715675
2026-10-10T05:00:00+00:00,92287.714,7627394987
2026-10-10T06:00:00+00:00,92194.284,7633705154
2026-10-10T07:00:00+00:00,92334.170,7636035859
2026-10-10T08:00:00+00:00,92924.978,7690681521
2026-10-10T09:00:00+00:00,92966.569,7697946073
2026-10-10T10:00:00+00:00,92832.219,7687906747
2026-10-10T11:00:00+00:00,92813.416,7687048428
